<<<<<<<<<<<<<<<<<<<< [Receive Data 31215 Bytes][[ 13:16:38:816 ]][Win 72][Unit 254] >>>>>>>>>>>>>>>>>>>> 
00000  26 00 00 48 FE 00 00 32 30 30-30 70 69 62 66 30 30 31 31 33       &..H...2000pibf00113
00020  31 31 39 31 70 69 62 66 30 30-31 31 31 20 20 20 20 20 20 20       1191pibf00111       
00040  20 20 20 20 20 20 20 20 20 20-20 20 20 20 20 20 20 20 20 20                           
00060  20 20 20 20 20 20 20 20 30 30-30 33 31 34 C1 B6 C8 B8 C1 D6               000314조회주
00080  B1 E2 3D 33 3B B8 B6 C4 CF B1-B8 BA D0 3D C1 D6 BD C4 3B C1       기=3;마켓구분=주식;.
00100  BE B8 F1 C4 DA B5 E5 3D 4D 2E-41 30 30 35 39 33 30 3B C1 BE       씀紂湄.=M.A005930;종
00120  B8 F1 B8 ED 3D 20 BB EF BC BA-C0 FC C0 DA 20 20 20 20 20 20       목명= 삼성전자      
00140  20 20 20 20 20 20 20 20 20 20-20 20 20 20 20 20 20 20 20 20                           
00160  20 20 20 20 20 3B BD C3 B0 A1-3D 31 32 30 30 30 30 30 3B B0            ;시가=1200000;.
00180  ED B0 A1 3D 31 36 34 30 30 30-30 3B C0 FA B0 A1 3D 38 38 34       恣.=1640000;저가=884
00200  30 30 30 3B C7 F6 C0 E7 B0 A1-3D 39 36 35 30 30 30 3B B4 A9       000;현재가=965000;누
00220  C0 FB B0 C5 B7 A1 B7 AE 3D 31-34 33 35 32 3B B4 A9 C0 FB B0       적거래량=14352;누적.
00240  C5 B7 A1 B4 EB B1 DD 3D 36 31-38 31 30 37 33 34 30 38 3B C0       킹〈諭.=6181073408;.
00260  FC C0 CF C1 BE B0 A1 3D 31 32-36 32 30 30 30 3B C0 FC C0 CF       活舊쒼.=1262000;전일
00280  B0 C5 B7 A1 B7 AE 3D 33 30 38-33 35 32 31 3B B1 E2 C1 D8 B0       거래량=3083521;기준.
00300  A1 3D 31 32 36 32 30 30 30 3B-B0 C5 B7 A1 BD C3 C0 DB BD C3       .=1262000;거래시작시
00320  B0 A3 3D 30 38 30 30 30 30 3B-B0 C5 B7 A1 C1 BE B7 E1 BD C3       간=080000;거래종료시
00340  B0 A3 3D 32 30 30 30 30 30 3B-C0 E5 B1 B8 BA D0 3D 30 3B BB       간=200000;장구분=0;.
00360  F3 C7 D1 B0 A1 3D 31 36 34 30-30 30 30 3B C7 CF C7 D1 B0 A1       贊璣.=1640000;하한가
00380  3D 38 38 34 30 30 30 3B 32 30-31 39 30 31 32 31 30 31 30 30       =884000;201901210100
00400  30 30 00 00 00 00 00 00 00 00-00 30 34 30 30 32 30 32 36 30       00.........040020260
00420  39 30 37 38 33 33 30 30 30 00-00 00 00 31 36 34 30 30 30 30       907833000....1640000
00440  00 00 00 36 34 32 30 30 30 00-00 00 00 39 36 35 30 30 30 00       ...642000....965000.
00460  00 00 00 31 37 32 30 31 35 38-34 00 00 31 36 34 30 35 36 36       ...17201584..1640566
00480  35 35 38 32 37 30 38 00 00 00-00 30 32 30 32 36 30 38 33 31       5582708....020260831
00500  34 31 37 35 30 30 00 00 00 00-31 30 38 36 30 30 30 00 00 00       417500....1086000...
00520  32 39 32 35 30 30 00 00 00 00-38 33 33 30 30 30 00 00 00 00       292500....833000....
00540  36 35 36 35 30 35 33 00 00 00-34 38 32 38 32 38 38 39 38 38       6565053...4828288988
00560  30 30 30 00 00 00 00 00 30 32-30 32 36 30 38 32 34 32 32 37       000.....020260824227
00580  30 30 30 00 00 00 00 35 33 38-30 30 30 00 00 00 00 31 35 39       000....538000....159
00600  30 30 30 00 00 00 00 34 31 34-35 30 30 00 00 00 00 38 38 34       000....414500....884
00620  38 38 31 36 00 00 00 32 35 35-30 38 35 34 31 32 38 30 35 30       8816...2550854128050
00640  00 00 00 00 00 30 32 30 32 36-30 38 31 38 32 37 34 35 30 30       .....020260818274500
00660  00 00 00 00 33 35 37 35 30 30-00 00 00 00 31 35 37 34 30 30       ....357500....157400
00680  00 00 00 00 32 32 34 35 30 30-00 00 00 00 32 39 31 30 36 35       ....224500....291065
00700  35 35 00 00 37 38 34 30 30 37-39 37 35 33 32 30 30 00 00 00       55..7840079753200...
00720  00 00 30 32 30 32 36 30 38 31-30 32 33 34 35 30 30 00 00 00       ..020260810234500...
00740  00 32 37 38 30 30 30 00 00 00-00 32 32 34 30 30 30 00 00 00       .278000....224000...
00760  00 32 37 34 35 30 30 00 00 00-00 32 30 37 30 37 33 30 39 36       .274500....207073096
00780  00 35 32 37 31 36 38 38 30 38-34 32 35 36 31 00 00 00 00 30       .52716880842561....0
00800  32 30 32 36 30 38 30 33 32 35-39 30 30 30 00 00 00 00 32 36       20260803259000....26
00820  32 35 30 30 00 00 00 00 32 32-37 35 30 30 00 00 00 00 32 33       2500....227500....23
00840  35 30 30 30 00 00 00 00 31 39-37 35 32 30 39 34 33 00 34 37       5000....197520943.47
00860  33 36 37 31 38 33 33 33 35 36-35 34 00 00 00 00 30 32 30 32       367183335654....0202
00880  36 30 37 32 37 32 35 35 30 30-30 00 00 00 00 32 36 37 30 30       60727255000....26700
00900  30 00 00 00 00 31 38 39 32 30-30 00 00 00 00 32 35 39 30 30       0....189200....25900
00920  30 00 00 00 00 34 31 35 38 32-32 34 38 30 00 36 39 38 38 33       0....415822480.69883
00940  38 39 34 32 34 38 38 39 37 00-00 00 00 30 32 30 32 36 30 37       894248897....0202607
00960  32 30 32 34 35 35 30 30 00 00-00 00 32 37 36 30 30 30 00 00       20245500....276000..
00980  00 00 32 33 38 35 30 30 00 00-00 00 32 35 32 35 30 30 00 00       ..238500....252500..
01000  00 00 31 39 33 37 33 34 31 36-33 00 35 30 30 32 34 31 31 38       ..193734163.50024118
01020  36 39 30 33 30 34 00 00 00 00-30 32 30 32 36 30 37 31 33 32       690304....0202607132
01040  38 35 30 30 30 00 00 00 00 32-39 32 35 30 30 00 00 00 00 32       85000....292500....2
01060  34 30 30 30 30 00 00 00 00 32-35 33 35 30 30 00 00 00 00 32       40000....253500....2
01080  32 31 38 37 37 31 34 31 00 35-38 36 32 30 39 31 37 38 37 31       21877141.58620917871
01100  31 38 32 00 00 00 00 30 32 30-32 36 30 37 30 36 33 31 35 35       182....0202607063155
01120  30 30 00 00 00 00 33 32 35 30-30 30 00 00 00 00 32 36 32 30       00....325000....2620
01140  30 30 00 00 00 00 32 38 36 35-30 30 00 00 00 00 32 36 30 39       00....286500....2609
01160  30 39 32 38 39 00 37 36 31 33-39 38 39 33 32 33 32 33 31 38       09289.76139893232318
01180  00 00 00 00 30 32 30 32 36 30-36 32 39 33 33 37 30 30 30 00       ....020260629337000.
01200  00 00 00 33 34 35 30 30 30 00-00 00 00 32 37 38 30 30 30 00       ...345000....278000.
01220  00 00 00 33 31 34 35 30 30 00-00 00 00 32 36 39 34 32 32 31       ...314500....2694221
01240  31 37 00 38 33 39 39 36 34 33-38 32 35 38 36 31 37 00 00 00       17.83996438258617...
01260  00 30 32 30 32 36 30 36 32 32-33 35 31 30 30 30 00 00 00 00       .020260622351000....
01280  33 36 39 35 30 30 00 00 00 00-33 30 30 35 30 30 00 00 00 00       369500....300500....
01300  33 33 39 30 30 30 00 00 00 00-33 33 31 34 30 32 33 37 36 00       339000....331402376.
01320  36 38 37 33 33 31 36 38 35 37-31 39 35 35 00 00 00 00 30 32       68733168571955....02
01340  30 32 36 30 36 31 35 33 33 37-35 30 30 00 00 00 00 33 38 30       0260615337500....380
01360  30 30 30 00 00 00 00 33 33 31-30 30 30 00 00 00 00 33 35 30       000....331000....350
01380  35 30 30 00 00 00 00 32 34 37-33 39 37 30 31 39 00 37 34 32       500....247397019.742
01400  39 31 37 30 39 39 32 32 39 37-32 00 00 00 00 30 32 30 32 36       91709922972....02026
01420  30 36 30 38 33 30 34 35 30 30-00 00 00 00 33 33 39 30 30 30       0608304500....339000
01440  00 00 00 00 32 38 33 30 30 30-00 00 00 00 33 32 34 35 30 30       ....283000....324500
01460  00 00 00 00 32 38 38 39 37 34-39 31 37 00 37 38 31 32 36 32       ....288974917.781262
01480  37 39 30 38 39 31 38 34 00 00-00 00 30 32 30 32 36 30 36 30       79089184....02026060
01500  31 33 31 38 30 30 30 00 00 00-00 33 37 37 30 30 30 00 00 00       1318000....377000...
01520  00 33 31 31 30 30 30 00 00 00-00 33 32 39 30 30 30 00 00 00       .311000....329000...
01540  00 32 39 31 34 35 36 33 37 39-00 36 34 31 32 30 33 39 32 30       .291456379.641203920
01560  39 36 37 35 32 00 00 00 00 30-32 30 32 36 30 35 32 36 32 39       96752....02026052629
01580  37 30 30 30 00 00 00 00 33 33-30 30 30 30 00 00 00 00 32 34       7000....330000....24
01600  30 30 30 30 00 00 00 00 33 31-38 35 30 30 00 00 00 00 32 32       0000....318500....22
01620  36 37 30 39 33 39 38 00 35 39-38 30 32 32 30 33 38 36 36 34       6709398.598022038664
01640  32 30 00 00 00 00 30 32 30 32-36 30 35 31 38 32 37 30 35 30       20....02026051827050
01660  30 00 00 00 00 33 30 33 35 30-30 00 00 00 00 32 36 32 30 30       0....303500....26200
01680  30 00 00 00 00 32 39 33 30 30-30 00 00 00 00 32 39 38 33 38       0....293000....29838
01700  39 34 35 32 00 37 33 35 31 33-35 32 31 35 36 31 34 32 34 00       9452.73513521561424.
01720  00 00 00 30 32 30 32 36 30 35-31 31 32 38 35 30 30 30 00 00       ...020260511285000..
01740  00 00 32 39 39 35 30 30 00 00-00 00 32 36 32 30 30 30 00 00       ..299500....262000..
01760  00 00 32 37 33 35 30 30 00 00-00 00 33 35 39 30 30 36 36 35       ..273500....35900665
01780  31 00 38 30 38 37 31 38 33 30-38 31 33 33 38 35 00 00 00 00       1.80871830813385....
01800  30 32 30 32 36 30 35 30 34 32-32 33 35 30 30 00 00 00 00 32       020260504223500....2
01820  38 39 30 30 30 00 00 00 00 32-32 33 35 30 30 00 00 00 00 32       89000....223500....2
01840  37 36 35 30 30 00 00 00 00 32-38 35 37 30 34 32 34 32 00 35       76500....285704242.5
01860  31 36 37 33 34 38 37 31 32 32-37 38 32 00 00 00 00 30 32 30       1673487122782....020
01880  32 36 30 34 32 37 32 32 30 30-30 30 00 00 00 00 32 33 30 30       260427220000....2300
01900  30 30 00 00 00 00 32 31 37 30-30 30 00 00 00 00 32 32 32 35       00....217000....2225
01920  30 30 00 00 00 00 31 35 31 35-32 39 39 37 33 00 33 33 38 37       00....151529973.3387
01940  31 36 31 31 35 31 37 35 37 35-00 00 00 00 30 32 30 32 36 30       1611517575....020260
01960  34 32 30 32 31 33 30 30 30 00-00 00 00 32 35 31 35 30 30 00       420213000....251500.
01980  00 00 00 32 31 32 30 30 30 00-00 00 00 32 31 39 30 30 30 00       ...212000....219000.
02000  00 00 00 31 39 34 30 33 31 31-33 34 00 34 32 36 39 37 34 32       ...194031134.4269742
02020  34 38 37 30 35 32 36 00 00 00-00 30 32 30 32 36 30 34 31 33       4870526....020260413
02040  32 30 30 30 30 30 00 00 00 00-32 32 31 30 30 30 00 00 00 00       200000....221000....
02060  31 39 37 32 30 30 00 00 00 00-32 31 38 30 30 30 00 00 00 00       197200....218000....
02080  31 38 34 36 30 30 31 35 36 00-33 38 39 31 33 30 38 31 30 33       184600156.3891308103
02100  31 36 35 39 00 00 00 00 30 32-30 32 36 30 34 30 36 31 38 36       1659....020260406186
02120  39 30 30 00 00 00 00 32 31 35-30 30 30 00 00 00 00 31 38 34       900....215000....184
02140  36 30 30 00 00 00 00 32 30 37-30 30 30 00 00 00 00 33 30 30       600....207000....300
02160  38 38 31 39 35 33 00 36 31 30-31 35 38 35 34 37 32 31 35 35       881953.6101585472155
02180  39 00 00 00 00 30 32 30 32 36-30 33 33 30 31 37 33 30 30 30       9....020260330173000
02200  00 00 00 00 31 39 35 32 30 30-00 00 00 00 31 36 35 37 30 30       ....195200....165700
02220  00 00 00 00 31 38 35 38 30 30-00 00 00 00 32 37 36 39 33 37       ....185800....276937
02240  38 36 39 00 34 39 36 33 34 37-33 34 36 35 39 35 32 36 00 00       869.49634734659526..
02260  00 00 30 32 30 32 36 30 33 32-33 32 30 30 30 30 30 00 00 00       ..020260323200000...
02280  00 32 30 30 30 30 30 00 00 00-00 31 37 31 35 30 30 00 00 00       .200000....171500...
02300  00 31 37 36 38 30 30 00 00 00-00 32 34 32 37 30 37 30 31 33       .176800....242707013
02320  00 34 35 30 34 33 38 39 32 37-36 38 30 31 33 00 00 00 00 30       .45043892768013....0
02340  32 30 32 36 30 33 31 36 31 38-34 31 30 30 00 00 00 00 32 31       20260316184100....21
02360  30 30 30 30 00 00 00 00 31 38-32 35 30 30 00 00 00 00 31 39       0000....182500....19
02380  39 38 30 30 00 00 00 00 32 32-34 37 36 34 34 37 32 00 34 34       9800....224764472.44
02400  35 38 32 38 31 31 35 38 37 32-33 34 00 00 00 00 30 32 30 32       582811587234....0202
02420  36 30 33 30 39 31 37 39 38 30-30 00 00 00 00 31 39 34 38 30       60309179800....19480
02440  30 00 00 00 00 31 36 37 33 30-30 00 00 00 00 31 38 34 30 30       0....167300....18400
02460  30 00 00 00 00 32 36 37 32 34-34 31 39 34 00 34 38 39 31 34       0....267244194.48914
02480  32 32 36 37 33 35 34 33 34 00-00 00 00 30 32 30 32 36 30 33       226735434....0202603
02500  30 33 32 31 34 30 30 30 00 00-00 00 32 31 35 30 30 30 00 00       03214000....215000..
02520  00 00 31 37 31 39 30 30 00 00-00 00 31 38 35 38 30 30 00 00       ..171900....185800..
02540  00 00 34 36 34 35 34 33 39 35-37 00 35 37 37 31 39 37 34 37       ..464543957.57719747
02560  38 33 30 35 35 35 00 00 00 00-30 32 30 32 36 30 32 32 33 31       830555....0202602231
02580  39 31 35 30 30 00 00 00 00 32-32 38 35 30 30 00 00 00 00 31       91500....228500....1
02600  39 30 35 30 30 00 00 00 00 32-31 37 35 30 30 00 00 00 00 32       90500....217500....2
02620  37 30 38 32 33 31 33 38 00 35-36 31 37 33 37 37 35 35 32 31       70823138.56173775521
02640  38 32 39 00 00 00 00 30 32 30-32 36 30 32 31 39 31 38 32 31       829....0202602191821
02660  30 30 00 00 00 00 31 39 31 32-30 30 00 00 00 00 31 38 32 31       00....191200....1821
02680  30 30 00 00 00 00 31 39 30 33-30 30 00 00 00 00 38 32 37 34       00....190300....8274
02700  31 35 34 37 00 00 31 35 36 35-34 39 39 34 39 34 38 37 33 31       1547..15654994948731
02720  00 00 00 00 30 32 30 32 36 30-32 30 39 31 36 35 30 30 30 00       ....020260209165000.
02740  00 00 00 31 38 34 34 30 30 00-00 00 00 31 36 32 30 30 30 00       ...184400....162000.
02760  00 00 00 31 38 32 34 30 30 00-00 00 00 32 31 37 34 36 34 33       ...182400....2174643
02780  33 33 00 33 37 36 30 39 37 35-35 30 33 34 37 30 33 00 00 00       33.37609755034703...
02800  00 30 32 30 32 36 30 32 30 32-31 35 38 30 30 30 00 00 00 00       .020260202158000....
02820  31 36 39 34 30 30 00 00 00 00-31 31 31 36 30 30 00 00 00 00       169400....111600....
02840  31 36 31 30 30 30 00 00 00 00-32 36 37 35 36 39 33 30 32 00       161000....267569302.
02860  34 32 37 36 38 30 33 32 31 32-35 36 34 39 00 00 00 00 30 32       42768032125649....02
02880  30 32 36 30 31 32 36 31 35 32-31 30 30 00 00 00 00 31 36 38       0260126152100....168
02900  32 30 30 00 00 00 00 31 34 39-32 30 30 00 00 00 00 31 36 30       200....149200....160
02920  38 30 30 00 00 00 00 32 32 36-30 37 38 36 30 37 00 33 36 31       800....226078607.361
02940  31 34 35 37 31 39 32 32 35 38-34 00 00 00 00 30 32 30 32 36       14571922584....02026
02960  30 31 31 39 31 34 39 32 30 30-00 00 00 00 31 36 30 30 30 30       0119149200....160000
02980  00 00 00 00 31 33 38 30 30 30-00 00 00 00 31 35 31 37 30 30       ....138000....151700
03000  00 00 00 00 32 31 32 31 38 31-38 35 31 00 33 31 37 36 34 37       ....212181851.317647
03020  32 30 30 31 37 39 30 32 00 00-00 00 30 32 30 32 36 30 31 31       20017902....02026011
03040  32 31 34 31 39 30 30 00 00 00-00 31 34 39 35 30 30 00 00 00       2141900....149500...
03060  00 31 33 36 35 30 30 00 00 00-00 31 34 39 35 30 30 00 00 00       .136500....149500...
03080  00 31 37 37 38 39 34 38 35 35-00 32 35 32 33 31 32 35 30 37       .177894855.252312507
03100  38 34 31 37 34 00 00 00 00 30-32 30 32 36 30 31 30 35 31 32       84174....02026010512
03120  38 35 30 30 00 00 00 00 31 34-34 35 30 30 00 00 00 00 31 32       8500....144500....12
03140  38 32 30 30 00 00 00 00 31 33-39 37 30 30 00 00 00 00 33 31       8200....139700....31
03160  31 36 32 36 39 39 39 00 34 33-31 34 39 39 35 35 38 33 37 32       1626999.431499558372
03180  33 39 00 00 00 00 30 32 30 32-36 30 31 30 32 31 32 30 31 30       39....02026010212010
03200  30 00 00 00 00 31 32 39 36 30-30 00 00 00 00 31 32 30 30 30       0....129600....12000
03220  30 00 00 00 00 31 32 39 33 30-30 00 00 00 00 34 32 33 35 31       0....129300....42351
03240  37 33 32 00 00 35 33 30 34 32-33 35 36 31 30 37 39 34 00 00       732..5304235610794..
03260  00 00 00 30 32 30 32 35 31 32-32 39 31 31 37 33 30 30 00 00       ...020251229117300..
03280  00 00 31 32 31 32 30 30 00 00-00 00 31 31 36 30 30 30 00 00       ..121200....116000..
03300  00 00 31 32 30 34 30 30 00 00-00 00 36 31 34 37 34 32 34 39       ..120400....61474249
03320  00 00 37 33 35 32 38 36 37 39-38 37 31 38 35 00 00 00 00 00       ..7352867987185.....
03340  30 32 30 32 35 31 32 32 32 31-30 38 35 30 30 00 00 00 00 31       020251222108500....1
03360  31 37 31 30 30 00 00 00 00 31-30 38 33 30 30 00 00 00 00 31       17100....108300....1
03380  31 37 30 30 30 00 00 00 00 31-33 37 30 34 30 32 36 32 00 31       17000....137040262.1
03400  35 34 31 34 37 31 31 39 32 34-34 39 36 00 00 00 00 30 32 30       5414711924496....020
03420  32 35 31 32 31 35 31 30 36 32-30 30 00 00 00 00 31 30 39 38       251215106200....1098
03440  30 30 00 00 00 00 31 30 32 37-30 30 00 00 00 00 31 30 36 36       00....102700....1066
03460  30 30 00 00 00 00 31 35 36 35-39 33 36 39 39 00 31 36 35 38       00....156593699.1658
03480  35 35 38 30 39 36 36 37 31 38-00 00 00 00 30 32 30 32 35 31       5580966718....020251
03500  32 30 38 31 31 31 35 30 30 00-00 00 00 31 31 32 30 30 30 00       208111500....112000.
03520  00 00 00 31 30 36 31 30 30 00-00 00 00 31 30 38 35 30 30 00       ...106100....108500.
03540  00 00 00 31 32 30 35 34 38 36-32 35 00 31 33 30 39 30 36 37       ...120548625.1309067
03560  30 38 39 35 37 39 32 00 00 00-00 30 32 30 32 35 31 32 30 31       0895792....020251201
03580  31 30 31 35 30 30 00 00 00 00-31 30 38 34 30 30 00 00 00 00       101500....108400....
03600  39 39 39 30 30 00 00 00 00 00-31 30 38 32 30 30 00 00 00 00       99900.....108200....
03620  31 31 33 34 32 35 39 35 38 00-31 31 38 32 37 31 39 36 30 39       113425958.1182719609
03640  36 32 38 36 00 00 00 00 30 32-30 32 35 31 31 32 34 39 36 37       6286....020251124967
03660  30 30 00 00 00 00 00 31 30 35-35 30 30 00 00 00 00 39 35 37       00.....105500....957
03680  30 30 00 00 00 00 00 31 30 31-35 30 30 00 00 00 00 31 35 39       00.....101500....159
03700  37 30 35 31 39 32 00 31 36 30-34 38 37 30 37 38 30 38 33 33       705192.1604870780833
03720  34 00 00 00 00 30 32 30 32 35-31 31 31 37 39 39 30 30 30 00       4....02025111799000.
03740  00 00 00 00 31 30 32 39 30 30-00 00 00 00 39 33 35 30 30 00       ....102900....93500.
03760  00 00 00 00 39 34 34 30 30 00-00 00 00 00 31 36 34 34 33 39       ....94400.....164439
03780  31 39 36 00 31 36 31 32 31 38-31 30 30 35 37 32 37 33 00 00       196.16121810057273..
03800  00 00 30 32 30 32 35 31 31 31-30 39 38 30 30 30 00 00 00 00       ..02025111098000....
03820  00 31 30 36 30 30 30 00 00 00-00 39 37 30 30 30 00 00 00 00       .106000....97000....
03840  00 39 37 35 30 30 00 00 00 00-00 31 37 37 35 32 39 34 30 34       .97500.....177529404
03860  00 31 38 30 35 33 33 37 32 32-33 36 39 31 36 00 00 00 00 30       .18053372236916....0
03880  32 30 32 35 31 31 30 33 31 30-35 35 30 30 00 00 00 00 31 31       20251103105500....11
03900  33 34 30 30 00 00 00 00 39 34-30 30 30 00 00 00 00 00 39 37       3400....94000.....97
03920  35 30 30 00 00 00 00 00 32 37-39 34 32 37 39 39 39 00 32 38       500.....279427999.28
03940  38 32 30 31 39 32 34 32 36 34-34 32 00 00 00 00 30 32 30 32       820192426442....0202
03960  35 31 30 32 37 39 39 37 30 30-00 00 00 00 00 31 30 39 32 30       5102799700.....10920
03980  30 00 00 00 00 39 39 30 30 30-00 00 00 00 00 31 30 37 37 30       0....99000.....10770
04000  30 00 00 00 00 32 35 30 37 38-30 31 33 32 00 32 35 37 33 36       0....250780132.25736
04020  35 33 35 32 32 35 32 37 38 00-00 00 00 30 32 30 32 35 31 30       535225278....0202510
04040  32 30 39 38 31 30 30 00 00 00-00 00 39 39 39 30 30 00 00 00       2098100.....99900...
04060  00 00 39 35 32 30 30 00 00 00-00 00 39 38 39 30 30 00 00 00       ..95200.....98900...
04080  00 00 31 34 37 38 37 31 39 38-37 00 31 34 34 37 34 36 34 36       ..147871987.14474646
04100  39 37 31 31 37 31 00 00 00 00-30 32 30 32 35 31 30 31 33 39       971171....0202510139
04120  33 37 30 30 00 00 00 00 00 39-39 31 30 30 00 00 00 00 00 39       3700.....99100.....9
04140  30 32 30 30 00 00 00 00 00 39-36 33 30 30 00 00 00 00 00 32       0200.....96300.....2
04160  32 31 38 31 39 38 30 32 00 32-30 39 39 36 34 37 34 31 39 30       21819802.20996474190
04180  32 39 36 00 00 00 00 30 32 30-32 35 31 30 31 30 38 39 30 30       296....0202510108900
04200  30 00 00 00 00 00 39 34 35 30-30 00 00 00 00 00 38 39 30 30       0.....94500.....8900
04220  30 00 00 00 00 00 39 34 35 30-30 00 00 00 00 00 35 33 33 39       0.....94500.....5339
04240  36 33 31 39 00 00 35 30 31 30-31 33 31 36 33 36 34 30 30 00       6319..5010131636400.
04260  00 00 00 00 30 32 30 32 35 30-39 32 39 38 33 35 30 30 00 00       ....02025092983500..
04280  00 00 00 39 30 33 30 30 00 00-00 00 00 38 32 35 30 30 00 00       ...90300.....82500..
04300  00 00 00 38 39 33 30 30 00 00-00 00 00 31 34 37 32 36 35 31       ...89300.....1472651
04320  31 32 00 31 32 37 37 38 36 34-36 36 31 32 34 30 30 00 00 00       12.12778646612400...
04340  00 30 32 30 32 35 30 39 32 32-37 39 39 30 30 00 00 00 00 00       .02025092279900.....
04360  39 31 30 30 30 00 00 00 00 00-37 39 39 30 30 00 00 00 00 00       91000.....79900.....
04380  38 32 39 30 30 00 00 00 00 00-31 37 38 33 37 35 34 36 38 00       82900.....178375468.
04400  31 35 30 32 30 38 35 30 33 38-35 30 34 31 00 00 00 00 30 32       15020850385041....02
04420  30 32 35 30 39 31 35 37 35 34-30 30 00 00 00 00 00 38 31 38       025091575400.....818
04440  30 30 00 00 00 00 00 37 35 33-30 30 00 00 00 00 00 37 39 39       00.....75300.....799
04460  30 30 00 00 00 00 00 31 37 35-39 38 38 37 36 38 00 31 33 38       00.....175988768.138
04480  31 32 37 33 38 33 32 35 35 34-32 00 00 00 00 30 32 30 32 35       12738325542....02025
04500  30 39 30 38 36 39 35 30 30 00-00 00 00 00 37 35 36 30 30 00       090869500.....75600.
04520  00 00 00 00 36 39 33 30 30 00-00 00 00 00 37 35 33 30 30 00       ....69300.....75300.
04540  00 00 00 00 31 32 39 39 35 36-38 35 34 00 39 34 37 35 36 37       ....129956854.947567
04560  38 39 37 33 37 38 37 00 00 00-00 00 30 32 30 32 35 30 39 30       8973787.....02025090
04580  31 36 39 36 30 30 00 00 00 00-00 37 30 36 30 30 00 00 00 00       169600.....70600....
04600  00 36 37 35 30 30 00 00 00 00-00 36 39 36 30 30 00 00 00 00       .67500.....69600....
04620  00 37 35 36 33 31 39 39 37 00-00 35 32 31 34 35 31 31 32 30       .75631997..521451120
04640  31 30 30 37 00 00 00 00 00 30-32 30 32 35 30 38 32 35 37 32       1007.....02025082572
04660  31 30 30 00 00 00 00 00 37 32-36 30 30 00 00 00 00 00 36 39       100.....72600.....69
04680  36 30 30 00 00 00 00 00 36 39-38 30 30 00 00 00 00 00 37 37       600.....69800.....77
04700  30 36 37 39 33 31 00 00 35 34-32 34 33 34 35 39 37 32 36 35       067931..542434597265
04720  30 00 00 00 00 00 30 32 30 32-35 30 38 31 38 37 31 31 30 30       0.....02025081871100
04740  00 00 00 00 00 37 31 39 30 30-00 00 00 00 00 36 38 37 30 30       .....71900.....68700
04760  00 00 00 00 00 37 31 33 30 30-00 00 00 00 00 39 38 38 38 35       .....71300.....98885
04780  30 36 38 00 00 36 39 37 39 33-31 35 36 38 36 38 33 37 00 00       068..6979315686837..
04800  00 00 00 30 32 30 32 35 30 38-31 31 37 32 36 30 30 00 00 00       ...02025081172600...
04820  00 00 37 32 36 30 30 00 00 00-00 00 37 30 38 30 30 00 00 00       ..72600.....70800...
04840  00 00 37 31 37 30 30 00 00 00-00 00 37 32 33 39 32 32 36 36       ..71700.....72392266
04860  00 00 35 31 36 39 38 34 39 30-36 33 33 34 32 00 00 00 00 00       ..5169849063342.....
04880  30 32 30 32 35 30 38 30 34 36-39 30 30 30 00 00 00 00 00 37       02025080469000.....7
04900  32 34 30 30 00 00 00 00 00 36-38 33 30 30 00 00 00 00 00 37       2400.....68300.....7
04920  31 38 30 30 00 00 00 00 00 31-31 38 38 37 38 37 32 37 00 38       1800.....118878727.8
04940  33 36 33 34 37 36 37 39 39 35-31 38 00 00 00 00 00 30 32 30       363476799518.....020
04960  32 35 30 37 32 38 36 35 37 30-30 00 00 00 00 00 37 34 34 30       25072865700.....7440
04980  30 00 00 00 00 00 36 35 36 30-30 00 00 00 00 00 36 39 30 30       0.....65600.....6900
05000  30 00 00 00 00 00 32 33 36 35-39 34 36 35 38 00 31 36 37 31       0.....236594658.1671
05020  31 32 39 34 30 36 33 34 39 32-00 00 00 00 30 32 30 32 35 30       1294063492....020250
05040  37 32 31 36 37 30 30 30 00 00-00 00 00 36 38 38 30 30 00 00       72167000.....68800..
05060  00 00 00 36 34 39 30 30 00 00-00 00 00 36 35 39 30 30 00 00       ...64900.....65900..
05080  00 00 00 31 30 39 36 31 33 30-35 33 00 37 32 39 35 31 35 38       ...109613053.7295158
05100  33 30 37 34 35 30 00 00 00 00-00 30 32 30 32 35 30 37 31 34       307450.....020250714
05120  36 32 35 30 30 00 00 00 00 00-36 37 38 30 30 00 00 00 00 00       62500.....67800.....
05140  36 31 38 30 30 00 00 00 00 00-36 36 39 30 30 00 00 00 00 00       61800.....66900.....
05160  31 36 37 35 38 30 38 34 37 00-31 30 38 38 30 35 38 39 35 38       167580847.1088058958
05180  35 38 38 32 00 00 00 00 30 32-30 32 35 30 37 30 37 36 33 30       5882....020250707630
05200  30 30 00 00 00 00 00 36 33 35-30 30 00 00 00 00 00 36 30 31       00.....63500.....601
05220  30 30 00 00 00 00 00 36 32 34-30 30 00 00 00 00 00 31 32 37       00.....62400.....127
05240  35 37 31 34 36 38 00 37 38 34-39 33 31 32 37 36 36 35 30 30       571468.7849312766500
05260  00 00 00 00 00 30 32 30 32 35-30 36 33 30 36 31 35 30 30 00       .....02025063061500.
05280  00 00 00 00 36 35 30 30 30 00-00 00 00 00 35 39 38 30 30 00       ....65000.....59800.
05300  00 00 00 00 36 33 32 30 30 00-00 00 00 00 31 35 33 30 34 36       ....63200.....153046
05320  34 36 30 00 39 34 35 34 32 37-31 31 32 34 30 30 30 00 00 00       460.9454271124000...
05340  00 00 30 32 30 32 35 30 36 32-33 35 38 35 30 30 00 00 00 00       ..02025062358500....
05360  00 36 32 31 30 30 00 00 00 00-00 35 37 36 30 30 00 00 00 00       .62100.....57600....
05380  00 36 30 38 30 30 00 00 00 00-00 31 35 32 39 38 34 30 36 37       .60800.....152984067
05400  00 39 31 37 37 31 34 39 32 33-36 36 39 33 00 00 00 00 00 30       .9177149236693.....0
05420  32 30 32 35 30 36 31 36 35 37-39 30 30 00 00 00 00 00 36 30       2025061657900.....60
05440  36 30 30 00 00 00 00 00 35 36-39 30 30 00 00 00 00 00 35 39       600.....56900.....59
05460  36 30 30 00 00 00 00 00 31 34-34 36 34 31 30 30 36 00 38 34       600.....144641006.84
05480  38 30 32 38 31 31 37 38 31 33-34 00 00 00 00 00 30 32 30 32       80281178134.....0202
05500  35 30 36 30 39 35 39 33 30 30-00 00 00 00 00 36 30 35 30 30       5060959300.....60500
05520  00 00 00 00 00 35 37 37 30 30-00 00 00 00 00 35 37 39 30 30       .....57700.....57900
05540  00 00 00 00 00 31 32 32 33 35-36 37 31 30 00 37 32 35 39 30       .....122356710.72590
05560  34 31 34 34 32 34 35 31 00 00-00 00 00 30 32 30 32 35 30 36       41442451.....0202506
05580  30 32 35 36 32 30 30 00 00 00-00 00 35 39 39 30 30 00 00 00       0256200.....59900...
05600  00 00 35 35 39 30 30 00 00 00-00 00 35 39 32 30 30 00 00 00       ..55900.....59200...
05620  00 00 37 35 33 39 39 39 32 39-00 00 34 33 37 34 36 36 32 38       ..75399929..43746628
05640  31 39 35 31 34 00 00 00 00 00-30 32 30 32 35 30 35 32 36 35       19514.....0202505265
05660  34 33 30 30 00 00 00 00 00 35-37 32 30 30 00 00 00 00 00 35       4300.....57200.....5
05680  33 35 30 30 00 00 00 00 00 35-36 33 30 30 00 00 00 00 00 31       3500.....56300.....1
05700  30 34 38 30 34 36 38 30 00 35-38 31 35 38 37 32 32 37 37 33       04804680.58158722773
05720  34 32 00 00 00 00 00 30 32 30-32 35 30 35 31 39 35 36 35 30       42.....0202505195650
05740  30 00 00 00 00 00 35 36 38 30-30 00 00 00 00 00 35 34 31 30       0.....56800.....5410
05760  30 00 00 00 00 00 35 34 35 30-30 00 00 00 00 00 36 38 36 39       0.....54500.....6869
05780  32 38 36 35 00 00 33 38 30 31-33 37 39 39 36 37 39 30 30 00       2865..3801379967900.
05800  00 00 00 00 30 32 30 32 35 30-35 31 32 35 35 30 30 30 00 00       ....02025051255000..
05820  00 00 00 35 38 36 30 30 00 00-00 00 00 35 35 30 30 30 00 00       ...58600.....55000..
05840  00 00 00 35 37 30 30 30 00 00-00 00 00 39 38 31 33 33 34 32       ...57000.....9813342
05860  31 00 00 35 35 39 38 35 32 34-36 35 32 32 35 30 00 00 00 00       1..5598524652250....
05880  00 30 32 30 32 35 30 35 30 37-35 34 35 30 30 00 00 00 00 00       .02025050754500.....
05900  35 35 35 30 30 00 00 00 00 00-35 34 33 30 30 00 00 00 00 00       55500.....54300.....
05920  35 34 39 30 30 00 00 00 00 00-35 30 32 35 36 30 36 31 00 00       54900.....50256061..
05940  32 37 32 33 38 37 34 35 31 34-32 37 35 00 00 00 00 00 30 32       2723874514275.....02
05960  30 32 35 30 34 32 38 35 36 34-30 30 00 00 00 00 00 35 36 35       025042856400.....565
05980  30 30 00 00 00 00 00 35 34 32-30 30 00 00 00 00 00 35 34 35       00.....54200.....545
06000  30 30 00 00 00 00 00 36 36 32-30 32 34 37 38 00 00 33 36 36       00.....66202478..366
06020  32 35 38 39 35 38 33 36 35 34-00 00 00 00 00 30 32 30 32 35       2589583654.....02025
06040  30 34 32 31 35 35 33 30 30 00-00 00 00 00 35 37 31 30 30 00       042155300.....57100.
06060  00 00 00 00 35 34 35 30 30 00-00 00 00 00 35 35 37 30 30 00       ....54500.....55700.
06080  00 00 00 00 36 32 33 33 31 36-35 38 00 00 33 34 35 32 37 31       ....62331658..345271
06100  31 32 36 34 32 32 38 00 00 00-00 00 30 32 30 32 35 30 34 31       1264228.....02025041
06120  34 35 35 35 30 30 00 00 00 00-00 35 37 31 30 30 00 00 00 00       455500.....57100....
06140  00 35 34 30 30 30 00 00 00 00-00 35 35 34 30 30 00 00 00 00       .54000.....55400....
06160  00 36 38 38 39 30 38 34 38 00-00 33 38 30 38 39 34 36 37 39       .68890848..380894679
06180  38 39 35 31 00 00 00 00 00 30-32 30 32 35 30 34 30 37 35 34       8951.....02025040754
06200  37 30 30 00 00 00 00 00 35 38-30 30 30 00 00 00 00 00 35 32       700.....58000.....52
06220  30 30 30 00 00 00 00 00 35 35-34 30 30 00 00 00 00 00 31 34       000.....55400.....14
06240  34 30 33 31 31 38 39 00 37 38-34 33 37 35 30 32 31 33 39 32       4031189.784375021392
06260  35 00 00 00 00 00 30 32 30 32-35 30 33 33 31 35 38 35 30 30       5.....02025033158500
06280  00 00 00 00 00 35 39 39 30 30-00 00 00 00 00 35 35 37 30 30       .....59900.....55700
06300  00 00 00 00 00 35 35 37 30 30-00 00 00 00 00 31 31 30 34 32       .....55700.....11042
06320  32 32 38 32 00 36 33 37 31 35-32 38 38 32 31 35 30 30 00 00       2282.6371528821500..
06340  00 00 00 30 32 30 32 35 30 33-32 34 36 31 36 30 30 00 00 00       ...02025032461600...
06360  00 00 36 32 31 30 30 00 00 00-00 00 35 39 35 30 30 00 00 00       ..62100.....59500...
06380  00 00 36 30 32 30 30 00 00 00-00 00 31 30 32 34 32 32 30 39       ..60200.....10242209
06400  37 00 36 32 33 34 39 32 36 38-32 33 31 34 39 00 00 00 00 00       7.6234926823149.....
06420  30 32 30 32 35 30 33 31 37 35-35 35 30 30 00 00 00 00 00 36       02025031755500.....6
06440  31 37 30 30 00 00 00 00 00 35-35 34 30 30 00 00 00 00 00 36       1700.....55400.....6
06460  31 37 30 30 00 00 00 00 00 31-36 38 32 36 33 39 39 30 00 39       1700.....168263990.9
06480  39 33 32 38 31 32 33 38 37 33-38 32 00 00 00 00 00 30 32 30       932812387382.....020
06500  32 35 30 33 31 30 35 33 35 30-30 00 00 00 00 00 35 35 39 30       25031053500.....5590
06520  30 00 00 00 00 00 35 32 35 30-30 00 00 00 00 00 35 34 37 30       0.....52500.....5470
06540  30 00 00 00 00 00 38 33 36 31-33 30 38 37 00 00 34 35 34 33       0.....83613087..4543
06560  32 38 39 34 35 32 33 37 38 00-00 00 00 00 30 32 30 32 35 30       289452378.....020250
06580  33 30 34 35 33 39 30 30 00 00-00 00 00 35 35 34 30 30 00 00       30453900.....55400..
06600  00 00 00 35 33 34 30 30 00 00-00 00 00 35 33 37 30 30 00 00       ...53400.....53700..
06620  00 00 00 36 31 36 36 35 38 34-33 00 00 33 33 33 39 34 38 39       ...61665843..3339489
06640  31 38 33 37 35 32 00 00 00 00-00 30 32 30 32 35 30 32 32 34       183752.....020250224
06660  35 37 33 30 30 00 00 00 00 00-35 37 38 30 30 00 00 00 00 00       57300.....57800.....
06680  35 34 35 30 30 00 00 00 00 00-35 34 35 30 30 00 00 00 00 00       54500.....54500.....
06700  38 39 38 39 32 37 39 37 00 00-35 30 35 37 34 38 32 39 34 34       89892797..5057482944
06720  31 31 33 00 00 00 00 00 30 32-30 32 35 30 32 31 37 35 36 31       113.....020250217561
06740  30 30 00 00 00 00 00 35 39 31-30 30 00 00 00 00 00 35 35 37       00.....59100.....557
06760  30 30 00 00 00 00 00 35 38 32-30 30 00 00 00 00 00 31 30 33       00.....58200.....103
06780  32 32 39 36 37 32 00 35 39 34-36 33 35 32 33 35 37 31 32 32       229672.5946352357122
06800  00 00 00 00 00 30 32 30 32 35-30 32 31 30 35 33 30 30 30 00       .....02025021053000.
06820  00 00 00 00 35 37 33 30 30 00-00 00 00 00 35 32 39 30 30 00       ....57300.....52900.
06840  00 00 00 00 35 36 30 30 30 00-00 00 00 00 31 32 35 30 33 30       ....56000.....125030
06860  35 33 39 00 36 39 34 34 39 30-36 32 35 32 34 31 35 00 00 00       539.6944906252415...
06880  00 00 30 32 30 32 35 30 32 30-33 35 31 31 30 30 00 00 00 00       ..02025020351100....
06900  00 35 34 32 30 30 00 00 00 00-00 35 30 38 30 30 00 00 00 00       .54200.....50800....
06920  00 35 33 37 30 30 00 00 00 00-00 31 30 36 34 37 37 35 32 34       .53700.....106477524
06940  00 35 35 39 32 30 33 36 32 32-35 35 39 39 00 00 00 00 00 30       .5592036225599.....0
06960  32 30 32 35 30 31 33 31 35 32-32 30 30 00 00 00 00 00 35 33       2025013152200.....53
06980  30 30 30 00 00 00 00 00 35 31-37 30 30 00 00 00 00 00 35 32       000.....51700.....52
07000  34 30 30 00 00 00 00 00 34 32-31 38 36 32 37 39 00 00 32 32       400.....42186279..22
07020  30 37 30 30 34 32 36 32 32 35-30 00 00 00 00 00 30 32 30 32       07004262250.....0202
07040  35 30 31 32 30 35 33 36 30 30-00 00 00 00 00 35 34 34 30 30       5012053600.....54400
07060  00 00 00 00 00 35 33 31 30 30-00 00 00 00 00 35 33 37 30 30       .....53100.....53700
07080  00 00 00 00 00 37 31 31 35 35-39 32 32 00 00 33 37 39 35 32       .....71155922..37952
07100  39 35 32 33 37 39 37 32 00 00-00 00 00 30 32 30 32 35 30 31       95237972.....0202501
07120  31 33 35 34 36 30 30 00 00 00-00 00 35 35 30 30 30 00 00 00       1354600.....55000...
07140  00 00 35 33 32 30 30 00 00 00-00 00 35 33 37 30 30 00 00 00       ..53200.....53700...
07160  00 00 39 30 33 39 32 31 39 33-00 00 34 38 35 37 32 33 34 33       ..90392193..48572343
07180  37 35 37 30 30 00 00 00 00 00-30 32 30 32 35 30 31 30 36 35       75700.....0202501065
07200  34 34 30 30 00 00 00 00 00 35-37 37 30 30 00 00 00 00 00 35       4400.....57700.....5
07220  34 33 30 30 00 00 00 00 00 35-35 33 30 30 00 00 00 00 00 31       4300.....55300.....1
07240  30 33 32 30 37 38 38 37 00 35-38 30 37 39 32 39 32 34 34 38       03207887.58079292448
07260  38 36 00 00 00 00 00 30 32 30-32 34 31 32 33 30 35 33 33 30       86.....0202412305330
07280  30 00 00 00 00 00 35 35 31 30-30 00 00 00 00 00 35 32 33 30       0.....55100.....5230
07300  30 00 00 00 00 00 35 34 34 30-30 00 00 00 00 00 34 38 35 37       0.....54400.....4857
07320  33 32 38 36 00 00 32 35 39 34-36 32 37 31 30 37 37 30 30 00       3286..2594627107700.
07340  00 00 00 00 30 32 30 32 34 31-32 32 33 35 33 34 30 30 00 00       ....02024122353400..
07360  00 00 00 35 34 36 30 30 00 00-00 00 00 35 33 32 30 30 00 00       ...54600.....53200..
07380  00 00 00 35 33 37 30 30 00 00-00 00 00 34 36 35 37 31 35 39       ...53700.....4657159
07400  38 00 00 32 35 30 36 39 36 30-36 39 34 38 30 30 00 00 00 00       8..2506960694800....
07420  00 30 32 30 32 34 31 32 31 36-35 36 33 30 30 00 00 00 00 00       .02024121656300.....
07440  35 36 36 30 30 00 00 00 00 00-35 31 39 30 30 00 00 00 00 00       56600.....51900.....
07460  35 33 30 30 30 00 00 00 00 00-39 36 33 34 38 31 34 33 00 00       53000.....96348143..
07480  35 31 39 38 31 34 35 32 31 38-32 38 35 00 00 00 00 00 30 32       5198145218285.....02
07500  30 32 34 31 32 30 39 35 33 35-30 30 00 00 00 00 00 35 36 35       024120953500.....565
07520  30 30 00 00 00 00 00 35 33 32-30 30 00 00 00 00 00 35 36 31       00.....53200.....561
07540  30 30 00 00 00 00 00 31 31 30-39 36 33 31 31 38 00 36 30 36       00.....110963118.606
07560  30 35 34 37 32 32 36 37 30 37-00 00 00 00 00 30 32 30 32 34       0547226707.....02024
07580  31 32 30 32 35 34 33 30 30 00-00 00 00 00 35 34 34 30 30 00       120254300.....54400.
07600  00 00 00 00 35 32 30 30 30 00-00 00 00 00 35 34 31 30 30 00       ....52000.....54100.
07620  00 00 00 00 31 32 30 38 37 34-33 38 37 00 36 34 37 38 30 31       ....120874387.647801
07640  31 37 37 35 39 39 34 00 00 00-00 00 30 32 30 32 34 31 31 32       1775994.....02024112
07660  35 35 37 34 30 30 00 00 00 00-00 35 38 39 30 30 00 00 00 00       557400.....58900....
07680  00 35 33 38 30 30 00 00 00 00-00 35 34 32 30 30 00 00 00 00       .53800.....54200....
07700  00 31 32 35 37 36 39 37 38 32-00 37 31 31 38 35 39 34 33 34       .125769782.711859434
07720  33 32 34 30 00 00 00 00 00 30-32 30 32 34 31 31 31 38 35 37       3240.....02024111857
07740  30 30 30 00 00 00 00 00 35 37-35 30 30 00 00 00 00 00 35 34       000.....57500.....54
07760  37 30 30 00 00 00 00 00 35 36-30 30 30 00 00 00 00 00 31 33       700.....56000.....13
07780  34 38 37 37 39 32 36 00 37 35-39 37 37 37 33 38 32 38 39 36       4877926.759777382896
07800  38 00 00 00 00 00 30 32 30 32-34 31 31 31 31 35 36 37 30 30       8.....02024111156700
07820  00 00 00 00 00 35 36 38 30 30-00 00 00 00 00 34 39 39 30 30       .....56800.....49900
07840  00 00 00 00 00 35 33 35 30 30-00 00 00 00 00 32 31 35 35 38       .....53500.....21558
07860  37 34 30 32 00 31 31 33 32 36-37 35 37 37 34 32 32 35 36 00       7402.11326757742256.
07880  00 00 00 30 32 30 32 34 31 31-30 34 35 38 36 30 30 00 00 00       ...02024110458600...
07900  00 00 35 39 34 30 30 00 00 00-00 00 35 36 33 30 30 00 00 00       ..59400.....56300...
07920  00 00 35 37 30 30 30 00 00 00-00 00 38 36 30 38 34 31 33 37       ..57000.....86084137
07940  00 00 34 39 36 38 34 39 36 32-30 36 33 35 32 00 00 00 00 00       ..4968496206352.....
07960  30 32 30 32 34 31 30 32 38 35-35 37 30 30 00 00 00 00 00 36       02024102855700.....6
07980  31 32 30 30 00 00 00 00 00 35-35 37 30 30 00 00 00 00 00 35       1200.....55700.....5
08000  38 33 30 30 00 00 00 00 00 31-33 30 38 37 35 32 31 30 00 37       8300.....130875210.7
08020  37 30 32 32 34 32 37 31 35 38-37 36 00 00 00 00 00 30 32 30       702242715876.....020
08040  32 34 31 30 32 31 35 39 30 30-30 00 00 00 00 00 36 30 30 30       24102159000.....6000
08060  30 00 00 00 00 00 35 35 38 30-30 00 00 00 00 00 35 35 39 30       0.....55800.....5590
08080  30 00 00 00 00 00 31 33 30 37-32 37 34 34 39 00 37 35 35 34       0.....130727449.7554
08100  30 31 39 33 33 33 36 34 34 00-00 00 00 00 30 32 30 32 34 31       019333644.....020241
08120  30 31 34 35 39 35 30 30 00 00-00 00 00 36 31 34 30 30 00 00       01459500.....61400..
08140  00 00 00 35 39 31 30 30 00 00-00 00 00 35 39 32 30 30 00 00       ...59100.....59200..
08160  00 00 00 31 30 34 36 39 37 38-38 39 00 36 32 38 33 30 34 39       ...104697889.6283049
08180  31 39 32 35 36 39 00 00 00 00-00 30 32 30 32 34 31 30 30 37       192569.....020241007
08200  36 30 32 30 30 00 00 00 00 00-36 31 39 30 30 00 00 00 00 00       60200.....61900.....
08220  35 38 39 30 30 00 00 00 00 00-35 39 33 30 30 00 00 00 00 00       58900.....59300.....
08240  31 33 37 33 36 34 35 30 32 00-38 32 32 34 33 36 37 37 35 39       137364502.8224367759
08260  30 30 34 00 00 00 00 00 30 32-30 32 34 30 39 33 30 36 34 32       004.....020240930642
08280  30 30 00 00 00 00 00 36 34 33-30 30 00 00 00 00 00 35 39 39       00.....64300.....599
08300  30 30 00 00 00 00 00 36 30 36-30 30 00 00 00 00 00 38 35 34       00.....60600.....854
08320  31 35 32 37 37 00 00 35 32 36-31 39 39 33 34 38 34 30 39 35       15277..5261993484095
08340  00 00 00 00 00 30 32 30 32 34-30 39 32 33 36 32 33 30 30 00       .....02024092362300.
08360  00 00 00 00 36 35 34 30 30 00-00 00 00 00 36 32 32 30 30 00       ....65400.....62200.
08380  00 00 00 00 36 34 32 30 30 00-00 00 00 00 31 35 30 31 35 31       ....64200.....150151
08400  33 35 39 00 39 35 35 39 37 34-38 38 34 32 33 34 31 00 00 00       359.9559748842341...
08420  00 00 30 32 30 32 34 30 39 31-39 36 34 30 30 30 00 00 00 00       ..02024091964000....
08440  00 36 34 37 30 30 00 00 00 00-00 36 32 32 30 30 00 00 00 00       .64700.....62200....
08460  00 36 33 30 30 30 00 00 00 00-00 38 32 31 34 38 37 36 39 00       .63000.....82148769.
08480  00 35 32 30 32 31 36 30 31 33-33 30 34 36 00 00 00 00 00 30       .5202160133046.....0
08500  32 30 32 34 30 39 30 39 36 36-39 30 30 00 00 00 00 00 36 38       2024090966900.....68
08520  32 30 30 00 00 00 00 00 36 34-32 30 30 00 00 00 00 00 36 34       200.....64200.....64
08540  34 30 30 00 00 00 00 00 31 35-30 36 35 33 36 32 32 00 39 39       400.....150653622.99
08560  32 34 30 33 35 38 37 38 34 38-39 00 00 00 00 00 30 32 30 32       24035878489.....0202
08580  34 30 39 30 32 37 34 35 30 30-00 00 00 00 00 37 34 37 30 30       4090274500.....74700
08600  00 00 00 00 00 36 38 30 30 30-00 00 00 00 00 36 38 39 30 30       .....68000.....68900
08620  00 00 00 00 00 31 30 31 30 33-31 36 30 36 00 37 31 36 32 36       .....101031606.71626
08640  32 32 36 38 30 30 37 35 00 00-00 00 00 30 32 30 32 34 30 38       22680075.....0202408
08660  32 36 37 38 31 30 30 00 00 00-00 00 37 38 32 30 30 00 00 00       2678100.....78200...
08680  00 00 37 33 35 30 30 00 00 00-00 00 37 34 33 30 30 00 00 00       ..73500.....74300...
08700  00 00 36 39 38 32 33 35 39 36-00 00 35 32 35 37 33 35 36 35       ..69823596..52573565
08720  37 31 35 38 33 00 00 00 00 00-30 32 30 32 34 30 38 31 39 38       71583.....0202408198
08740  30 31 30 30 00 00 00 00 00 38-30 31 30 30 00 00 00 00 00 37       0100.....80100.....7
08760  37 35 30 30 00 00 00 00 00 37-37 37 30 30 00 00 00 00 00 35       7500.....77700.....5
08780  30 32 30 35 34 30 36 00 00 33-39 34 30 35 36 37 30 30 31 33       0205406..39405670013
08800  30 36 00 00 00 00 00 30 32 30-32 34 30 38 31 32 37 35 32 30       06.....0202408127520
08820  30 00 00 00 00 00 38 30 32 30-30 00 00 00 00 00 37 34 38 30       0.....80200.....7480
08840  30 00 00 00 00 00 38 30 32 30-30 00 00 00 00 00 35 35 38 36       0.....80200.....5586
08860  33 31 36 36 00 00 34 33 33 31-32 37 39 31 39 39 39 36 30 00       3166..4331279199960.
08880  00 00 00 00 30 32 30 32 34 30-38 30 35 37 36 37 30 30 00 00       ....02024080576700..
08900  00 00 00 37 36 39 30 30 00 00-00 00 00 37 30 32 30 30 00 00       ...76900.....70200..
08920  00 00 00 37 34 37 30 30 00 00-00 00 00 31 37 39 34 31 37 33       ...74700.....1794173
08940  39 35 00 31 33 32 35 35 38 35-38 37 37 36 30 39 34 00 00 00       95.13255858776094...
08960  00 30 32 30 32 34 30 37 32 39-38 31 36 30 30 00 00 00 00 00       .02024072981600.....
08980  38 36 31 30 30 00 00 00 00 00-37 39 35 30 30 00 00 00 00 00       86100.....79500.....
09000  37 39 36 30 30 00 00 00 00 00-39 33 34 31 31 37 30 38 00 00       79600.....93411708..
09020  37 36 34 34 36 36 30 31 36 33-30 34 30 00 00 00 00 00 30 32       7644660163040.....02
09040  30 32 34 30 37 32 32 38 34 34-30 30 00 00 00 00 00 38 34 39       024072284400.....849
09060  30 30 00 00 00 00 00 38 30 31-30 30 00 00 00 00 00 38 30 39       00.....80100.....809
09080  30 30 00 00 00 00 00 38 36 35-32 35 31 37 37 00 00 37 31 31       00.....86525177..711
09100  30 36 30 39 37 37 39 39 36 34-00 00 00 00 00 30 32 30 32 34       0609779964.....02024
09120  30 37 31 35 38 34 37 30 30 00-00 00 00 00 38 38 30 30 30 00       071584700.....88000.
09140  00 00 00 00 38 33 38 30 30 00-00 00 00 00 38 34 34 30 30 00       ....83800.....84400.
09160  00 00 00 00 31 30 32 38 33 37-31 37 30 00 38 38 32 38 31 38       ....102837170.882818
09180  39 34 32 38 30 38 39 00 00 00-00 00 30 32 30 32 34 30 37 30       9428089.....02024070
09200  38 38 37 39 30 30 00 00 00 00-00 38 38 38 30 30 00 00 00 00       887900.....88800....
09220  00 38 34 31 30 30 00 00 00 00-00 38 34 34 30 30 00 00 00 00       .84100.....84400....
09240  00 31 31 34 32 30 37 38 35 31-00 39 39 33 34 39 34 32 36 39       .114207851.993494269
09260  39 34 37 32 00 00 00 00 00 30-32 30 32 34 30 37 30 31 38 31       9472.....02024070181
09280  35 30 30 00 00 00 00 00 38 37-31 30 30 00 00 00 00 00 38 31       500.....87100.....81
09300  30 30 30 00 00 00 00 00 38 37-31 30 30 00 00 00 00 00 31 32       000.....87100.....12
09320  36 38 37 37 38 35 36 00 31 30-36 37 35 35 36 39 33 35 37 36       6877856.106755693576
09340  37 36 00 00 00 00 30 32 30 32-34 30 36 32 34 37 39 37 30 30       76....02024062479700
09360  00 00 00 00 00 38 31 39 30 30-00 00 00 00 00 37 39 35 30 30       .....81900.....79500
09380  00 00 00 00 00 38 31 35 30 30-00 00 00 00 00 37 33 35 32 31       .....81500.....73521
09400  35 37 36 00 00 35 39 34 33 37-33 35 37 32 32 38 33 33 00 00       576..5943735722833..
09420  00 00 00 30 32 30 32 34 30 36-31 37 37 39 32 30 30 00 00 00       ...02024061779200...
09440  00 00 38 32 35 30 30 00 00 00-00 00 37 38 30 30 30 00 00 00       ..82500.....78000...
09460  00 00 38 30 30 30 30 00 00 00-00 00 39 36 36 39 35 39 34 38       ..80000.....96695948
09480  00 00 37 37 38 30 38 31 35 37-33 35 33 34 39 00 00 00 00 00       ..7780815735349.....
09500  30 32 30 32 34 30 36 31 30 37-36 31 30 30 00 00 00 00 00 38       02024061076100.....8
09520  30 35 30 30 00 00 00 00 00 37-35 31 30 30 00 00 00 00 00 37       0500.....75100.....7
09540  39 36 30 30 00 00 00 00 00 31-30 37 35 30 37 30 37 31 00 38       9600.....107507071.8
09560  33 32 39 36 35 34 37 31 35 35-30 37 00 00 00 00 00 30 32 30       329654715507.....020
09580  32 34 30 36 30 33 37 34 34 30-30 00 00 00 00 00 37 38 36 30       24060374400.....7860
09600  30 00 00 00 00 00 37 34 32 30-30 00 00 00 00 00 37 37 33 30       0.....74200.....7730
09620  30 00 00 00 00 00 37 34 31 37-31 36 33 38 00 00 35 36 39 31       0.....74171638..5691
09640  39 34 33 32 30 37 36 38 31 00-00 00 00 00 30 32 30 32 34 30       943207681.....020240
09660  35 32 37 37 35 33 30 30 00 00-00 00 00 37 38 32 30 30 00 00       52775300.....78200..
09680  00 00 00 37 33 35 30 30 00 00-00 00 00 37 33 35 30 30 00 00       ...73500.....73500..
09700  00 00 00 31 34 37 33 35 39 31-39 38 00 31 31 31 30 39 31 30       ...147359198.1110910
09720  34 35 37 37 31 33 31 00 00 00-00 30 32 30 32 34 30 35 32 30       4577131....020240520
09740  37 38 31 30 30 00 00 00 00 00-37 39 31 30 30 00 00 00 00 00       78100.....79100.....
09760  37 35 37 30 30 00 00 00 00 00-37 35 39 30 30 00 00 00 00 00       75700.....75900.....
09780  39 39 32 38 38 32 33 37 00 00-37 37 31 35 31 31 31 35 39 39       99288237..7715111599
09800  30 37 37 00 00 00 00 00 30 32-30 32 34 30 35 31 33 37 39 34       077.....020240513794
09820  30 30 00 00 00 00 00 38 30 33-30 30 00 00 00 00 00 37 37 32       00.....80300.....772
09840  30 30 00 00 00 00 00 37 37 34-30 30 00 00 00 00 00 36 37 33       00.....77400.....673
09860  32 34 33 31 35 00 00 35 32 37-35 37 32 35 35 35 35 36 36 33       24315..5275725555663
09880  00 00 00 00 00 30 32 30 32 34-30 35 30 37 37 39 36 30 30 00       .....02024050779600.
09900  00 00 00 00 38 31 35 30 30 00-00 00 00 00 37 38 39 30 30 00       ....81500.....78900.
09920  00 00 00 00 37 39 32 30 30 00-00 00 00 00 37 35 30 36 34 35       ....79200.....750645
09940  30 33 00 00 36 30 33 33 35 34-30 39 33 34 37 38 34 00 00 00       03..6033540934784...
09960  00 00 30 32 30 32 34 30 34 32-39 37 37 34 30 30 00 00 00 00       ..02024042977400....
09980  00 37 39 30 30 30 00 00 00 00-00 37 36 32 30 30 00 00 00 00       .79000.....76200....
10000  00 37 37 36 30 30 00 00 00 00-00 36 35 37 32 34 30 31 30 00       .77600.....65724010.
10020  00 35 31 30 35 36 30 32 33 30-30 31 36 37 00 00 00 00 00 30       .5105602300167.....0
10040  32 30 32 34 30 34 32 32 37 37-34 30 30 00 00 00 00 00 37 38       2024042277400.....78
10060  38 30 30 00 00 00 00 00 37 35-31 30 30 00 00 00 00 00 37 36       800.....75100.....76
10080  37 30 30 00 00 00 00 00 39 39-36 35 38 30 38 39 00 00 37 36       700.....99658089..76
10100  35 35 31 33 39 39 32 37 34 36-30 00 00 00 00 00 30 32 30 32       55139927460.....0202
10120  34 30 34 31 35 38 32 39 30 30-00 00 00 00 00 38 33 32 30 30       4041582900.....83200
10140  00 00 00 00 00 37 36 33 30 30-00 00 00 00 00 37 37 36 30 30       .....76300.....77600
10160  00 00 00 00 00 31 33 33 39 31-33 30 30 31 00 31 30 36 37 30       .....133913001.10670
10180  36 37 36 31 39 32 32 36 39 00-00 00 00 30 32 30 32 34 30 34       676192269....0202404
10200  30 38 38 35 32 30 30 00 00 00-00 00 38 36 30 30 30 00 00 00       0885200.....86000...
10220  00 00 38 32 35 30 30 00 00 00-00 00 38 33 37 30 30 00 00 00       ..82500.....83700...
10240  00 00 38 35 32 37 38 39 36 37-00 00 37 31 37 34 36 39 39 31       ..85278967..71746991
10260  39 31 34 37 34 00 00 00 00 00-30 32 30 32 34 30 34 30 31 38       91474.....0202404018
10280  33 32 30 30 00 00 00 00 00 38-35 35 30 30 00 00 00 00 00 38       3200.....85500.....8
10300  32 30 30 30 00 00 00 00 00 38-34 35 30 30 00 00 00 00 00 31       2000.....84500.....1
10320  33 31 38 32 30 34 39 30 00 31-31 30 39 38 37 34 37 39 39 31       31820490.11098747991
10340  32 31 37 00 00 00 00 30 32 30-32 34 30 33 32 35 37 39 36 30       217....0202403257960
10360  30 00 00 00 00 00 38 32 35 30-30 00 00 00 00 00 37 37 38 30       0.....82500.....7780
10380  30 00 00 00 00 00 38 32 34 30-30 00 00 00 00 00 31 31 38 38       0.....82400.....1188
10400  39 31 32 36 33 00 39 35 33 35-31 32 30 38 37 35 34 32 39 00       91263.9535120875429.
10420  00 00 00 00 30 32 30 32 34 30-33 31 38 37 32 36 30 30 00 00       ....02024031872600..
10440  00 00 00 37 39 39 30 30 00 00-00 00 00 37 31 37 30 30 00 00       ...79900.....71700..
10460  00 00 00 37 38 39 30 30 00 00-00 00 00 31 34 38 32 39 37 32       ...78900.....1482972
10480  37 31 00 31 31 33 36 30 37 31-32 39 35 39 39 31 38 00 00 00       71.11360712959918...
10500  00 30 32 30 32 34 30 33 31 31-37 32 39 30 30 00 00 00 00 00       .02024031172900.....
10520  37 34 35 30 30 00 00 00 00 00-37 32 31 30 30 00 00 00 00 00       74500.....72100.....
10540  37 32 33 30 30 00 00 00 00 00-38 33 31 32 31 33 38 36 00 00       72300.....83121386..
10560  36 30 39 39 36 33 36 38 31 36-34 33 39 00 00 00 00 00 30 32       6099636816439.....02
10580  30 32 34 30 33 30 34 37 34 33-30 30 00 00 00 00 00 37 35 30       024030474300.....750
10600  30 30 00 00 00 00 00 37 32 32-30 30 00 00 00 00 00 37 33 33       00.....72200.....733
10620  30 30 00 00 00 00 00 39 38 30-35 31 38 31 36 00 00 37 32 31       00.....98051816..721
10640  35 37 32 32 36 36 33 30 36 38-00 00 00 00 00 30 32 30 32 34       5722663068.....02024
10660  30 32 32 36 37 32 33 30 30 00-00 00 00 00 37 33 39 30 30 00       022672300.....73900.
10680  00 00 00 00 37 32 30 30 30 00-00 00 00 00 37 33 34 30 30 00       ....72000.....73400.
10700  00 00 00 00 36 30 38 34 33 35-39 35 00 00 34 34 34 31 34 38       ....60843595..444148
10720  34 38 38 34 37 31 30 00 00 00-00 00 30 32 30 32 34 30 32 31       4884710.....02024021
10740  39 37 32 38 30 30 00 00 00 00-00 37 34 32 30 30 00 00 00 00       972800.....74200....
10760  00 37 32 37 30 30 00 00 00 00-00 37 32 39 30 30 00 00 00 00       .72700.....72900....
10780  00 37 30 33 34 35 34 37 36 00-00 35 31 35 34 34 39 32 35 34       .70345476..515449254
10800  35 33 32 39 00 00 00 00 00 30-32 30 32 34 30 32 31 33 37 34       5329.....02024021374
10820  38 30 30 00 00 00 00 00 37 35-32 30 30 00 00 00 00 00 37 32       800.....75200.....72
10840  35 30 30 00 00 00 00 00 37 32-38 30 30 00 00 00 00 00 36 31       500.....72800.....61
10860  39 36 37 30 37 31 00 00 34 35-38 32 32 36 30 32 36 38 38 30       967071..458226026880
10880  35 00 00 00 00 00 30 32 30 32-34 30 32 30 35 37 34 32 30 30       5.....02024020574200
10900  00 00 00 00 00 37 35 35 30 30-00 00 00 00 00 37 33 33 30 30       .....75500.....73300
10920  00 00 00 00 00 37 34 31 30 30-00 00 00 00 00 37 30 39 36 32       .....74100.....70962
10940  34 32 38 00 00 35 32 37 34 31-39 35 30 35 30 39 32 36 00 00       428..5274195050926..
10960  00 00 00 30 32 30 32 34 30 31-32 39 37 33 38 30 30 00 00 00       ...02024012973800...
10980  00 00 37 35 33 30 30 00 00 00-00 00 37 32 35 30 30 00 00 00       ..75300.....72500...
11000  00 00 37 35 32 30 30 00 00 00-00 00 37 36 37 36 31 34 31 33       ..75200.....76761413
11020  00 00 35 36 37 37 33 32 39 39-39 32 34 39 39 00 00 00 00 00       ..5677329992499.....
11040  30 32 30 32 34 30 31 32 32 37-35 39 30 30 00 00 00 00 00 37       02024012275900.....7
11060  36 30 30 30 00 00 00 00 00 37-33 33 30 30 00 00 00 00 00 37       6000.....73300.....7
11080  33 34 30 30 00 00 00 00 00 37-30 32 31 38 30 36 39 00 00 35       3400.....70218069..5
11100  32 33 39 36 33 33 32 38 35 34-37 36 00 00 00 00 00 30 32 30       239633285476.....020
11120  32 34 30 31 31 35 37 33 32 30-30 00 00 00 00 00 37 34 37 30       24011573200.....7470
11140  30 00 00 00 00 00 37 30 37 30-30 00 00 00 00 00 37 34 37 30       0.....70700.....7470
11160  30 00 00 00 00 00 39 31 38 37-33 32 33 38 00 00 36 36 37 39       0.....91873238..6679
11180  35 30 38 34 34 33 39 36 30 00-00 00 00 00 30 32 30 32 34 30       508443960.....020240
11200  31 30 38 37 37 30 30 30 00 00-00 00 00 37 37 37 30 30 00 00       10877000.....77700..
11220  00 00 00 37 32 37 30 30 00 00-00 00 00 37 33 31 30 30 00 00       ...72700.....73100..
11240  00 00 00 31 32 38 30 39 37 37-30 37 00 39 34 38 35 36 30 38       ...128097707.9485608
11260  31 38 30 35 35 32 00 00 00 00-00 30 32 30 32 34 30 31 30 32       180552.....020240102
11280  37 38 32 30 30 00 00 00 00 00-37 39 38 30 30 00 00 00 00 00       78200.....79800.....
11300  37 36 31 30 30 00 00 00 00 00-37 36 36 30 30 00 00 00 00 00       76100.....76600.....
11320  36 35 35 32 35 32 34 36 00 00-35 30 38 39 33 39 38 34 34 38       65525246..5089398448
11340  38 31 34 00 00 00 00 00 30 32-30 32 33 31 32 32 36 37 36 31       814.....020231226761
11360  30 30 00 00 00 00 00 37 38 35-30 30 00 00 00 00 00 37 35 37       00.....78500.....757
11380  30 30 00 00 00 00 00 37 38 35-30 30 00 00 00 00 00 35 31 36       00.....78500.....516
11400  31 33 34 38 37 00 00 33 39 39-33 38 35 32 33 31 35 33 30 30       13487..3993852315300
11420  00 00 00 00 00 30 32 30 32 33-31 32 31 38 37 33 33 30 30 00       .....02023121873300.
11440  00 00 00 00 37 36 33 30 30 00-00 00 00 00 37 32 38 30 30 00       ....76300.....72800.
11460  00 00 00 00 37 35 39 30 30 00-00 00 00 00 36 33 34 36 32 37       ....75900.....634627
11480  31 33 00 00 34 37 31 39 38 35-33 35 35 36 38 34 37 00 00 00       13..4719853556847...
11500  00 00 30 32 30 32 33 31 32 31-31 37 32 38 30 30 00 00 00 00       ..02023121172800....
11520  00 37 34 33 30 30 00 00 00 00-00 37 32 32 30 30 00 00 00 00       .74300.....72200....
11540  00 37 33 33 30 30 00 00 00 00-00 37 39 37 32 34 37 38 30 00       .73300.....79724780.
11560  00 35 38 34 35 34 39 33 32 39-35 31 38 32 00 00 00 00 00 30       .5845493295182.....0
11580  32 30 32 33 31 32 30 34 37 32-38 30 30 00 00 00 00 00 37 32       2023120472800.....72
11600  39 30 30 00 00 00 00 00 37 31-31 30 30 00 00 00 00 00 37 32       900.....71100.....72
11620  36 30 30 00 00 00 00 00 35 30-32 30 33 35 31 36 00 00 33 36       600.....50203516..36
11640  31 35 36 33 38 30 33 36 30 34-30 00 00 00 00 00 30 32 30 32       15638036040.....0202
11660  33 31 31 32 37 37 31 35 30 30-00 00 00 00 00 37 32 38 30 30       3112771500.....72800
11680  00 00 00 00 00 37 31 31 30 30-00 00 00 00 00 37 32 30 30 30       .....71100.....72000
11700  00 00 00 00 00 35 37 33 33 35-38 36 39 00 00 34 31 34 30 32       .....57335869..41402
11720  31 34 39 39 32 32 31 36 00 00-00 00 00 30 32 30 32 33 31 31       14992216.....0202311
11740  32 30 37 32 31 30 30 00 00 00-00 00 37 33 34 30 30 00 00 00       2072100.....73400...
11760  00 00 37 31 37 30 30 00 00 00-00 00 37 31 37 30 30 00 00 00       ..71700.....71700...
11780  00 00 34 34 38 38 30 34 38 30-00 00 33 32 35 37 35 36 33 30       ..44880480..32575630
11800  37 34 32 32 35 00 00 00 00 00-30 32 30 32 33 31 31 31 33 37       74225.....0202311137
11820  31 33 30 30 00 00 00 00 00 37-33 30 30 30 00 00 00 00 00 37       1300.....73000.....7
11840  30 33 30 30 00 00 00 00 00 37-32 35 30 30 00 00 00 00 00 36       0300.....72500.....6
11860  36 33 31 38 36 37 35 00 00 34-37 36 37 35 37 32 30 32 31 39       6318675..47675720219
11880  35 35 00 00 00 00 00 30 32 30-32 33 31 31 30 36 36 39 38 30       55.....0202311066980
11900  30 00 00 00 00 00 37 31 34 30-30 00 00 00 00 00 36 39 33 30       0.....71400.....6930
11920  30 00 00 00 00 00 37 30 35 30-30 00 00 00 00 00 37 34 33 34       0.....70500.....7434
11940  34 32 35 30 00 00 35 32 31 38-39 37 32 34 38 35 37 38 39 00       4250..5218972485789.
11960  00 00 00 00 30 32 30 32 33 31-30 33 30 36 36 38 30 30 00 00       ....02023103066800..
11980  00 00 00 37 30 32 30 30 00 00-00 00 00 36 36 37 30 30 00 00       ...70200.....66700..
12000  00 00 00 36 39 36 30 30 00 00-00 00 00 36 35 30 37 35 36 38       ...69600.....6507568
12020  33 00 00 34 34 35 37 36 39 38-30 33 33 35 37 33 00 00 00 00       3..4457698033573....
12040  00 30 32 30 32 33 31 30 32 33-36 38 37 30 30 00 00 00 00 00       .02023102368700.....
12060  36 39 31 30 30 00 00 00 00 00-36 36 37 30 30 00 00 00 00 00       69100.....66700.....
12080  36 37 33 30 30 00 00 00 00 00-36 31 38 38 30 37 32 32 00 00       67300.....61880722..
12100  34 31 39 34 33 35 35 38 36 32-31 37 31 00 00 00 00 00 30 32       4194355862171.....02
12120  30 32 33 31 30 31 36 36 37 39-30 30 00 00 00 00 00 37 30 35       023101667900.....705
12140  30 30 00 00 00 00 00 36 36 38-30 30 00 00 00 00 00 36 38 38       00.....66800.....688
12160  30 30 00 00 00 00 00 37 35 35-38 31 32 34 33 00 00 35 32 30       00.....75581243..520
12180  38 39 37 33 37 37 38 34 30 30-00 00 00 00 00 30 32 30 32 33       8973778400.....02023
12200  31 30 31 30 36 36 32 30 30 00-00 00 00 00 36 39 37 30 30 00       101066200.....69700.
12220  00 00 00 00 36 36 32 30 30 00-00 00 00 00 36 38 30 30 30 00       ....66200.....68000.
12240  00 00 00 00 37 34 31 33 34 30-31 37 00 00 35 30 35 31 36 38       ....74134017..505168
12260  33 36 36 34 34 30 36 00 00 00-00 00 30 32 30 32 33 31 30 30       3664406.....02023100
12280  34 36 37 34 30 30 00 00 00 00-00 36 37 37 30 30 00 00 00 00       467400.....67700....
12300  00 36 36 30 30 30 00 00 00 00-00 36 36 30 30 30 00 00 00 00       .66000.....66000....
12320  00 35 33 38 35 35 39 38 39 00-00 33 36 30 34 30 34 31 30 36       .53855989..360404106
12340  31 33 32 39 00 00 00 00 00 30-32 30 32 33 30 39 32 35 36 38       1329.....02023092568
12360  35 30 30 00 00 00 00 00 37 30-30 30 30 00 00 00 00 00 36 38       500.....70000.....68
12380  32 30 30 00 00 00 00 00 36 38-34 30 30 00 00 00 00 00 34 31       200.....68400.....41
12400  36 31 32 34 37 37 00 00 32 38-36 34 37 37 39 37 32 33 30 36       612477..286477972306
12420  35 00 00 00 00 00 30 32 30 32-33 30 39 31 38 37 31 33 30 30       5.....02023091871300
12440  00 00 00 00 00 37 31 37 30 30-00 00 00 00 00 36 38 33 30 30       .....71700.....68300
12460  00 00 00 00 00 36 38 38 30 30-00 00 00 00 00 35 39 34 32 38       .....68800.....59428
12480  31 30 36 00 00 34 31 34 36 31-37 37 33 31 37 36 33 31 00 00       106..4146177317631..
12500  00 00 00 30 32 30 32 33 30 39-31 31 37 30 34 30 30 00 00 00       ...02023091170400...
12520  00 00 37 32 33 30 30 00 00 00-00 00 37 30 30 30 30 00 00 00       ..72300.....70000...
12540  00 00 37 32 30 30 30 00 00 00-00 00 37 38 32 39 34 37 37 37       ..72000.....78294777
12560  00 00 35 35 37 35 33 34 36 33-37 33 33 31 33 00 00 00 00 00       ..5575346373313.....
12580  30 32 30 32 33 30 39 30 34 37-32 39 30 30 00 00 00 00 00 37       02023090472900.....7
12600  32 39 30 30 00 00 00 00 00 36-39 36 30 30 00 00 00 00 00 37       2900.....69600.....7
12620  30 33 30 30 00 00 00 00 00 37-34 34 36 30 37 31 33 00 00 35       0300.....74460713..5
12640  32 36 34 35 36 30 36 33 33 38-38 33 00 00 00 00 00 30 32 30       264560633883.....020
12660  32 33 30 38 32 38 36 36 38 30-30 00 00 00 00 00 37 31 30 30       23082866800.....7100
12680  30 00 00 00 00 00 36 36 34 30-30 00 00 00 00 00 37 31 30 30       0.....66400.....7100
12700  30 00 00 00 00 00 36 39 38 32-33 30 36 38 00 00 34 37 34 36       0.....69823068..4746
12720  32 31 37 34 35 35 38 39 32 00-00 00 00 00 30 32 30 32 33 30       217455892.....020230
12740  38 32 31 36 36 36 30 30 00 00-00 00 00 36 38 37 30 30 00 00       82166600.....68700..
12760  00 00 00 36 36 33 30 30 00 00-00 00 00 36 37 31 30 30 00 00       ...66300.....67100..
12780  00 00 00 35 31 38 34 36 35 38-36 00 00 33 34 38 36 37 38 36       ...51846586..3486786
12800  33 34 30 30 38 31 00 00 00 00-00 30 32 30 32 33 30 38 31 34       340081.....020230814
12820  36 37 35 30 30 00 00 00 00 00-36 37 39 30 30 00 00 00 00 00       67500.....67900.....
12840  36 35 38 30 30 00 00 00 00 00-36 36 33 30 30 00 00 00 00 00       65800.....66300.....
12860  34 35 30 35 30 35 37 39 00 00-33 30 30 33 30 36 34 30 39 36       45050579..3003064096
12880  34 34 34 00 00 00 00 00 30 32-30 32 33 30 38 30 37 36 37 37       444.....020230807677
12900  30 30 00 00 00 00 00 36 39 36-30 30 00 00 00 00 00 36 37 34       00.....69600.....674
12920  30 30 00 00 00 00 00 36 37 35-30 30 00 00 00 00 00 36 32 39       00.....67500.....629
12940  30 31 32 33 36 00 00 34 32 39-39 30 33 37 39 35 31 35 32 38       01236..4299037951528
12960  00 00 00 00 00 30 32 30 32 33-30 37 33 31 37 30 39 30 30 00       .....02023073170900.
12980  00 00 00 00 37 31 32 30 30 00-00 00 00 00 36 38 32 30 30 00       ....71200.....68200.
13000  00 00 00 00 36 38 33 30 30 00-00 00 00 00 37 31 36 31 36 39       ....68300.....716169
13020  37 37 00 00 34 39 39 37 38 36-32 35 31 37 31 31 37 00 00 00       77..4997862517117...
13040  00 00 30 32 30 32 33 30 37 32-34 37 30 31 30 30 00 00 00 00       ..02023072470100....
13060  00 37 32 34 30 30 00 00 00 00-00 36 38 31 30 30 00 00 00 00       .72400.....68100....
13080  00 37 30 36 30 30 00 00 00 00-00 31 30 31 34 33 31 36 32 35       .70600.....101431625
13100  00 37 31 31 32 33 31 33 34 35-37 33 35 34 00 00 00 00 00 30       .7112313457354.....0
13120  32 30 32 33 30 37 31 37 37 33-32 30 30 00 00 00 00 00 37 33       2023071773200.....73
13140  35 30 30 00 00 00 00 00 36 39-34 30 30 00 00 00 00 00 37 30       500.....69400.....70
13160  33 30 30 00 00 00 00 00 35 38-39 31 36 30 31 37 00 00 34 32       300.....58916017..42
13180  31 34 34 30 34 37 36 32 33 35-30 00 00 00 00 00 30 32 30 32       14404762350.....0202
13200  33 30 37 31 30 37 30 30 30 30-00 00 00 00 00 37 33 34 30 30       3071070000.....73400
13220  00 00 00 00 00 36 39 32 30 30-00 00 00 00 00 37 33 34 30 30       .....69200.....73400
13240  00 00 00 00 00 36 34 35 36 36-36 39 37 00 00 34 36 32 34 36       .....64566697..46246
13260  38 35 34 39 37 37 39 36 00 00-00 00 00 30 32 30 32 33 30 37       85497796.....0202307
13280  30 33 37 32 37 30 30 00 00 00-00 00 37 33 36 30 30 00 00 00       0372700.....73600...
13300  00 00 36 39 38 30 30 00 00 00-00 00 36 39 39 30 30 00 00 00       ..69800.....69900...
13320  00 00 36 35 33 33 33 36 38 35-00 00 34 36 39 36 34 30 39 32       ..65333685..46964092
13340  31 38 36 30 30 00 00 00 00 00-30 32 30 32 33 30 36 32 36 37       18600.....0202306267
13360  31 37 30 30 00 00 00 00 00 37-33 34 30 30 00 00 00 00 00 37       1700.....73400.....7
13380  31 35 30 30 00 00 00 00 00 37-32 32 30 30 00 00 00 00 00 35       1500.....72200.....5
13400  32 36 39 32 37 32 33 00 00 33-38 31 36 37 35 31 39 36 37 34       2692723..38167519674
13420  30 34 00 00 00 00 00 30 32 30-32 33 30 36 31 39 37 31 33 30       04.....0202306197130
13440  30 00 00 00 00 00 37 32 32 30-30 00 00 00 00 00 37 30 31 30       0.....72200.....7010
13460  30 00 00 00 00 00 37 31 36 30-30 00 00 00 00 00 35 37 30 32       0.....71600.....5702
13480  35 38 36 34 00 00 34 30 35 39-37 34 35 39 37 35 34 35 33 00       5864..4059745975453.
13500  00 00 00 00 30 32 30 32 33 30-36 31 32 37 32 31 30 30 00 00       ....02023061272100..
13520  00 00 00 37 32 34 30 30 00 00-00 00 00 37 30 38 30 30 00 00       ...72400.....70800..
13540  00 00 00 37 31 38 30 30 00 00-00 00 00 36 36 38 32 31 33 30       ...71800.....6682130
13560  38 00 00 34 37 38 36 36 36 33-32 38 32 36 32 38 00 00 00 00       8..4786663282628....
13580  00 30 32 30 32 33 30 36 30 35-37 32 37 30 30 00 00 00 00 00       .02023060572700.....
13600  37 32 37 30 30 00 00 00 00 00-37 30 30 30 30 00 00 00 00 00       72700.....70000.....
13620  37 32 30 30 30 00 00 00 00 00-36 31 36 39 39 32 31 39 00 00       72000.....61699219..
13640  34 33 39 36 31 34 33 37 30 30-32 30 30 00 00 00 00 00 30 32       4396143700200.....02
13660  30 32 33 30 35 33 30 37 31 33-30 30 00 00 00 00 00 37 32 35       023053071300.....725
13680  30 30 00 00 00 00 00 37 30 36-30 30 00 00 00 00 00 37 32 32       00.....70600.....722
13700  30 30 00 00 00 00 00 37 39 39-37 34 30 37 38 00 00 35 37 33       00.....79974078..573
13720  32 31 37 31 36 36 38 31 36 32-00 00 00 00 00 30 32 30 32 33       2171668162.....02023
13740  30 35 32 32 36 38 34 30 30 00-00 00 00 00 37 30 34 30 30 00       052268400.....70400.
13760  00 00 00 00 36 38 30 30 30 00-00 00 00 00 37 30 33 30 30 00       ....68000.....70300.
13780  00 00 00 00 36 35 30 30 35 35-31 38 00 00 34 34 39 34 33 30       ....65005518..449430
13800  38 35 32 31 38 30 39 00 00 00-00 00 30 32 30 32 33 30 35 31       8521809.....02023051
13820  35 36 34 31 30 30 00 00 00 00-00 36 38 34 30 30 00 00 00 00       564100.....68400....
13840  00 36 33 39 30 30 00 00 00 00-00 36 38 34 30 30 00 00 00 00       .63900.....68400....
13860  00 36 36 30 33 33 32 33 31 00-00 34 33 37 31 37 31 39 31 37       .66033231..437171917
13880  30 36 32 37 00 00 00 00 00 30-32 30 32 33 30 35 30 38 36 36       0627.....02023050866
13900  33 30 30 00 00 00 00 00 36 36-33 30 30 00 00 00 00 00 36 33       300.....66300.....63
13920  36 30 30 00 00 00 00 00 36 34-31 30 30 00 00 00 00 00 35 32       600.....64100.....52
13940  31 37 32 37 37 31 00 00 33 33-38 37 36 37 39 31 36 38 35 32       172771..338767916852
13960  36 00 00 00 00 00 30 32 30 32-33 30 35 30 32 36 36 30 30 30       6.....02023050266000
13980  00 00 00 00 00 36 36 33 30 30-00 00 00 00 00 36 34 37 30 30       .....66300.....64700
14000  00 00 00 00 00 36 35 31 30 30-00 00 00 00 00 33 33 30 36 34       .....65100.....33064
14020  37 36 31 00 00 32 31 36 32 37-35 34 35 31 38 38 35 30 00 00       761..2162754518850..
14040  00 00 00 30 32 30 32 33 30 34-32 34 36 35 33 30 30 00 00 00       ...02023042465300...
14060  00 00 36 35 39 30 30 00 00 00-00 00 36 33 33 30 30 00 00 00       ..65900.....63300...
14080  00 00 36 35 35 30 30 00 00 00-00 00 37 36 33 32 33 34 37 35       ..65500.....76323475
14100  00 00 34 39 33 30 39 35 37 31-36 34 37 35 38 00 00 00 00 00       ..4930957164758.....
14120  30 32 30 32 33 30 34 31 37 36-35 30 30 30 00 00 00 00 00 36       02023041765000.....6
14140  36 30 30 30 00 00 00 00 00 36-34 36 30 30 00 00 00 00 00 36       6000.....64600.....6
14160  35 37 30 30 00 00 00 00 00 35-38 35 38 34 34 35 34 00 00 33       5700.....58584454..3
14180  38 32 36 37 32 32 33 30 35 35-33 30 00 00 00 00 00 30 32 30       826722305530.....020
14200  32 33 30 34 31 30 36 34 38 30-30 00 00 00 00 00 36 36 36 30       23041064800.....6660
14220  30 00 00 00 00 00 36 34 37 30-30 00 00 00 00 00 36 35 31 30       0.....64700.....6510
14240  30 00 00 00 00 00 38 31 33 38-39 31 37 34 00 00 35 33 35 31       0.....81389174..5351
14260  31 39 33 39 33 33 39 30 36 00-00 00 00 00 30 32 30 32 33 30       193933906.....020230
14280  34 30 33 36 34 30 30 30 00 00-00 00 00 36 35 32 30 30 00 00       40364000.....65200..
14300  00 00 00 36 32 33 30 30 00 00-00 00 00 36 35 30 30 30 00 00       ...62300.....65000..
14320  00 00 00 37 34 37 33 38 36 36-33 00 00 34 37 36 37 33 32 38       ...74738663..4767328
14340  36 33 34 33 30 30 00 00 00 00-00 30 32 30 32 33 30 33 32 37       634300.....020230327
14360  36 32 36 30 30 00 00 00 00 00-36 34 30 30 30 00 00 00 00 00       62600.....64000.....
14380  36 32 30 30 30 00 00 00 00 00-36 34 30 30 30 00 00 00 00 00       62000.....64000.....
14400  36 33 36 34 38 33 31 33 00 00-34 30 30 34 33 34 35 32 39 33       63648313..4004345293
14420  32 31 35 00 00 00 00 00 30 32-30 32 33 30 33 32 30 36 31 31       215.....020230320611
14440  30 30 00 00 00 00 00 36 33 33-30 30 00 00 00 00 00 36 30 31       00.....63300.....601
14460  30 30 00 00 00 00 00 36 33 30-30 30 00 00 00 00 00 36 30 35       00.....63000.....605
14480  37 34 37 37 33 00 00 33 37 32-35 33 34 38 38 30 33 32 37 31       74773..3725348803271
14500  00 00 00 00 00 30 32 30 32 33-30 33 31 33 35 39 39 30 30 00       .....02023031359900.
14520  00 00 00 00 36 31 33 30 30 00-00 00 00 00 35 39 30 30 30 00       ....61300.....59000.
14540  00 00 00 00 36 31 33 30 30 00-00 00 00 00 36 30 31 31 31 32       ....61300.....601112
14560  36 38 00 00 33 36 30 36 33 37-37 35 36 38 38 33 38 00 00 00       68..3606377568838...
14580  00 00 30 32 30 32 33 30 33 30-36 36 31 31 30 30 00 00 00 00       ..02023030661100....
14600  00 36 31 36 30 30 00 00 00 00-00 35 39 31 30 30 00 00 00 00       .61600.....59100....
14620  00 35 39 35 30 30 00 00 00 00-00 36 35 35 30 32 37 30 39 00       .59500.....65502709.
14640  00 33 39 35 35 30 37 30 37 30-39 32 35 34 00 00 00 00 00 30       .3955070709254.....0
14660  32 30 32 33 30 32 32 37 36 30-38 30 30 00 00 00 00 00 36 31       2023022760800.....61
14680  38 30 30 00 00 00 00 00 36 30-32 30 30 00 00 00 00 00 36 30       800.....60200.....60
14700  35 30 30 00 00 00 00 00 34 38-36 37 38 36 34 35 00 00 32 39       500.....48678645..29
14720  35 37 39 32 30 36 31 36 37 38-30 00 00 00 00 00 30 32 30 32       57920616780.....0202
14740  33 30 32 32 30 36 32 39 30 30-00 00 00 00 00 36 33 30 30 30       3022062900.....63000
14760  00 00 00 00 00 36 31 30 30 30-00 00 00 00 00 36 31 33 30 30       .....61000.....61300
14780  00 00 00 00 00 35 35 38 38 37-34 34 39 00 00 33 34 36 33 32       .....55887449..34632
14800  34 39 30 31 30 33 34 33 00 00-00 00 00 30 32 30 32 33 30 32       49010343.....0202302
14820  31 33 36 32 39 30 30 00 00 00-00 00 36 33 39 30 30 00 00 00       1362900.....63900...
14840  00 00 36 32 30 30 30 00 00 00-00 00 36 32 36 30 30 00 00 00       ..62000.....62600...
14860  00 00 35 37 36 35 35 32 32 35-00 00 33 36 32 39 37 31 32 30       ..57655225..36297120
14880  31 39 36 33 33 00 00 00 00 00-30 32 30 32 33 30 32 30 36 36       19633.....0202302066
14900  32 38 30 30 00 00 00 00 00 36-33 33 30 30 00 00 00 00 00 36       2800.....63300.....6
14920  31 36 30 30 00 00 00 00 00 36-32 38 30 30 00 00 00 00 00 36       1600.....62800.....6
14940  33 38 31 30 39 36 31 00 00 33-39 38 39 37 39 38 38 34 36 35       3810961..39897988465
14960  30 30 00 00 00 00 00 30 32 30-32 33 30 31 33 30 36 34 39 30       00.....0202301306490
14980  30 00 00 00 00 00 36 34 39 30-30 00 00 00 00 00 36 31 30 30       0.....64900.....6100
15000  30 00 00 00 00 00 36 33 38 30-30 00 00 00 00 00 31 30 37 37       0.....63800.....1077
15020  39 32 36 37 39 00 36 37 36 30-35 34 31 35 36 38 30 37 38 00       92679.6760541568078.
15040  00 00 00 00 30 32 30 32 33 30-31 32 35 36 33 35 30 30 00 00       ....02023012563500..
15060  00 00 00 36 35 30 30 30 00 00-00 00 00 36 33 30 30 30 00 00       ...65000.....63000..
15080  00 00 00 36 34 36 30 30 00 00-00 00 00 34 38 38 36 31 31 36       ...64600.....4886116
15100  39 00 00 33 31 32 35 33 37 34-33 39 32 38 39 31 00 00 00 00       9..3125374392891....
15120  00 30 32 30 32 33 30 31 31 36-36 31 33 30 30 00 00 00 00 00       .02023011661300.....
15140  36 32 33 30 30 00 00 00 00 00-35 39 39 30 30 00 00 00 00 00       62300.....59900.....
15160  36 31 38 30 30 00 00 00 00 00-35 33 39 31 30 32 38 36 00 00       61800.....53910286..
15180  33 32 35 34 35 33 39 32 31 38-38 33 38 00 00 00 00 00 30 32       3254539218838.....02
15200  30 32 33 30 31 30 39 35 39 37-30 30 00 00 00 00 00 36 31 32       023010959700.....612
15220  30 30 00 00 00 00 00 35 39 36-30 30 00 00 00 00 00 36 30 38       00.....59600.....608
15240  30 30 00 00 00 00 00 37 34 34-32 33 35 34 34 00 00 34 35 30       00.....74423544..450
15260  34 30 35 30 38 37 30 30 33 32-00 00 00 00 00 30 32 30 32 33       4050870032.....02023
15280  30 31 30 32 35 35 35 30 30 00-00 00 00 00 35 39 34 30 30 00       010255500.....59400.
15300  00 00 00 00 35 34 35 30 30 00-00 00 00 00 35 39 30 30 30 00       ....54500.....59000.
15320  00 00 00 00 37 36 37 38 34 33-36 34 00 00 34 33 38 38 35 34       ....76784364..438854
15340  39 31 38 30 32 30 30 00 00 00-00 00 30 32 30 32 32 31 32 32       9180200.....02022122
15360  36 35 38 30 30 30 00 00 00 00-00 35 38 34 30 30 00 00 00 00       658000.....58400....
15380  00 35 35 33 30 30 00 00 00 00-00 35 35 33 30 30 00 00 00 00       .55300.....55300....
15400  00 34 33 33 38 34 37 38 33 00-00 32 34 37 33 32 30 36 34 34       .43384783..247320644
15420  36 36 35 30 00 00 00 00 00 30-32 30 32 32 31 32 31 39 35 39       6650.....02022121959
15440  35 30 30 00 00 00 00 00 35 39-39 30 30 00 00 00 00 00 35 37       500.....59900.....57
15460  37 30 30 00 00 00 00 00 35 38-31 30 30 00 00 00 00 00 34 37       700.....58100.....47
15480  38 38 37 39 35 36 00 00 32 38-30 36 31 37 38 38 35 36 34 33       887956..280617885643
15500  36 00 00 00 00 00 30 32 30 32-32 31 32 31 32 35 39 39 30 30       6.....02022121259900
15520  00 00 00 00 00 36 30 36 30 30-00 00 00 00 00 35 38 33 30 30       .....60600.....58300
15540  00 00 00 00 00 35 39 35 30 30-00 00 00 00 00 34 38 30 33 34       .....59500.....48034
15560  34 36 35 00 00 32 38 36 32 39-38 34 39 32 37 39 38 33 00 00       465..2862984927983..
15580  00 00 00 30 32 30 32 32 31 32-30 35 36 30 39 30 30 00 00 00       ...02022120560900...
15600  00 00 36 31 31 30 30 00 00 00-00 00 35 38 35 30 30 00 00 00       ..61100.....58500...
15620  00 00 36 30 34 30 30 00 00 00-00 00 36 33 32 37 33 31 39 36       ..60400.....63273196
15640  00 00 33 37 37 34 30 32 36 35-36 38 37 38 30 00 00 00 00 00       ..3774026568780.....
15660  30 32 30 32 32 31 31 32 38 36-30 35 30 30 00 00 00 00 00 36       02022112860500.....6
15680  33 32 30 30 00 00 00 00 00 35-39 38 30 30 00 00 00 00 00 36       3200.....59800.....6
15700  30 34 30 30 00 00 00 00 00 36-37 33 33 34 37 32 34 00 00 34       0400.....67334724..4
15720  31 33 36 35 37 34 35 38 30 32-38 37 00 00 00 00 00 30 32 30       136574580287.....020
15740  32 32 31 31 32 31 36 31 34 30-30 00 00 00 00 00 36 31 38 30       22112161400.....6180
15760  30 00 00 00 00 00 36 30 33 30-30 00 00 00 00 00 36 31 30 30       0.....60300.....6100
15780  30 00 00 00 00 00 34 32 33 35-37 33 37 39 00 00 32 35 38 35       0.....42357379..2585
15800  30 35 30 36 32 34 34 35 39 00-00 00 00 00 30 32 30 32 32 31       050624459.....020221
15820  31 31 34 36 32 39 30 30 00 00-00 00 00 36 32 39 30 30 00 00       11462900.....62900..
15840  00 00 00 36 31 33 30 30 00 00-00 00 00 36 31 38 30 30 00 00       ...61300.....61800..
15860  00 00 00 36 36 37 32 38 34 36-31 00 00 34 31 33 38 32 36 32       ...66728461..4138262
15880  38 35 33 33 34 33 00 00 00 00-00 30 32 30 32 32 31 31 30 37       853343.....020221107
15900  35 39 37 30 30 00 00 00 00 00-36 33 32 30 30 00 00 00 00 00       59700.....63200.....
15920  35 39 34 30 30 00 00 00 00 00-36 32 39 30 30 00 00 00 00 00       59400.....62900.....
15940  38 35 38 38 31 35 33 32 00 00-35 32 38 31 31 30 36 33 34 30       85881532..5281106340
15960  30 39 33 00 00 00 00 00 30 32-30 32 32 31 30 33 31 35 38 31       093.....020221031581
15980  30 30 00 00 00 00 00 36 30 33-30 30 00 00 00 00 00 35 38 30       00.....60300.....580
16000  30 30 00 00 00 00 00 35 39 34-30 30 00 00 00 00 00 37 39 33       00.....59400.....793
16020  34 32 30 38 33 00 00 34 37 30-37 36 33 31 38 31 38 33 37 32       42083..4707631818372
16040  00 00 00 00 00 30 32 30 32 32-31 30 32 34 35 37 30 30 30 00       .....02022102457000.
16060  00 00 00 00 36 30 31 30 30 00-00 00 00 00 35 36 37 30 30 00       ....60100.....56700.
16080  00 00 00 00 35 37 33 30 30 00-00 00 00 00 39 37 38 35 36 37       ....57300.....978567
16100  39 37 00 00 35 37 31 34 38 30-34 38 34 39 32 38 37 00 00 00       97..5714804849287...
16120  00 00 30 32 30 32 32 31 30 31-37 35 35 38 30 30 00 00 00 00       ..02022101755800....
16140  00 35 37 31 30 30 00 00 00 00-00 35 35 31 30 30 00 00 00 00       .57100.....55100....
16160  00 35 35 39 30 30 00 00 00 00-00 36 39 36 38 36 39 34 35 00       .55900.....69686945.
16180  00 33 39 30 35 39 33 38 38 33-37 38 32 31 00 00 00 00 00 30       .3905938837821.....0
16200  32 30 32 32 31 30 31 31 35 34-34 30 30 00 00 00 00 00 35 37       2022101154400.....57
16220  30 30 30 00 00 00 00 00 35 34-30 30 30 00 00 00 00 00 35 36       000.....54000.....56
16240  33 30 30 00 00 00 00 00 36 36-35 35 35 37 31 35 00 00 33 36       300.....66555715..36
16260  39 37 32 32 33 31 39 33 38 32-35 00 00 00 00 00 30 32 30 32       97223193825.....0202
16280  32 31 30 30 34 35 35 33 30 30-00 00 00 00 00 35 37 33 30 30       2100455300.....57300
16300  00 00 00 00 00 35 34 35 30 30-00 00 00 00 00 35 36 32 30 30       .....54500.....56200
16320  00 00 00 00 00 37 33 34 33 38-36 36 34 00 00 34 31 31 35 38       .....73438664..41158
16340  39 35 36 32 37 35 38 36 00 00-00 00 00 30 32 30 32 32 30 39       95627586.....0202209
16360  32 36 35 33 37 30 30 00 00 00-00 00 35 34 34 30 30 00 00 00       2653700.....54400...
16380  00 00 35 31 38 30 30 00 00 00-00 00 35 33 31 30 30 00 00 00       ..51800.....53100...
16400  00 00 38 38 30 31 36 31 39 36-00 00 34 36 39 34 32 33 37 36       ..88016196..46942376
16420  31 32 32 32 33 00 00 00 00 00-30 32 30 32 32 30 39 31 39 35       12223.....0202209195
16440  36 33 30 30 00 00 00 00 00 35-37 30 30 30 00 00 00 00 00 35       6300.....57000.....5
16460  34 32 30 30 00 00 00 00 00 35-34 35 30 30 00 00 00 00 00 36       4200.....54500.....6
16480  31 35 32 36 32 39 32 00 00 33-34 30 38 35 34 37 33 34 34 36       1526292..34085473446
16500  31 35 00 00 00 00 00 30 32 30-32 32 30 39 31 33 35 37 30 30       15.....0202209135700
16520  30 00 00 00 00 00 35 38 35 30-30 00 00 00 00 00 35 35 35 30       0.....58500.....5550
16540  30 00 00 00 00 00 35 36 32 30-30 00 00 00 00 00 35 34 38 31       0.....56200.....5481
16560  32 38 36 34 00 00 33 31 31 31-30 31 39 32 39 32 36 39 33 00       2864..3111019292693.
16580  00 00 00 00 30 32 30 32 32 30-39 30 35 35 37 34 30 30 00 00       ....02022090557400..
16600  00 00 00 35 37 38 30 30 00 00-00 00 00 35 35 36 30 30 00 00       ...57800.....55600..
16620  00 00 00 35 35 36 30 30 00 00-00 00 00 35 34 33 31 33 39 33       ...55600.....5431393
16640  33 00 00 33 30 36 35 30 39 37-36 37 32 39 38 34 00 00 00 00       3..3065097672984....
16660  00 30 32 30 32 32 30 38 32 39-35 38 37 30 30 00 00 00 00 00       .02022082958700.....
16680  35 39 39 30 30 00 00 00 00 00-35 37 35 30 30 00 00 00 00 00       59900.....57500.....
16700  35 37 35 30 30 00 00 00 00 00-36 33 36 38 30 39 37 32 00 00       57500.....63680972..
16720  33 37 33 31 30 34 36 34 39 33-34 35 32 00 00 00 00 00 30 32       3731046493452.....02
16740  30 32 32 30 38 32 32 36 30 33-30 30 00 00 00 00 00 36 30 39       022082260300.....609
16760  30 30 00 00 00 00 00 35 39 30-30 30 00 00 00 00 00 36 30 30       00.....59000.....600
16780  30 30 00 00 00 00 00 34 31 34-35 37 38 37 37 00 00 32 34 37       00.....41457877..247
16800  32 36 31 37 38 33 31 37 35 30-00 00 00 00 00 30 32 30 32 32       2617831750.....02022
16820  30 38 31 36 36 30 35 30 30 00-00 00 00 00 36 31 39 30 30 00       081660500.....61900.
16840  00 00 00 00 36 30 30 30 30 00-00 00 00 00 36 30 39 30 30 00       ....60000.....60900.
16860  00 00 00 00 34 37 33 39 34 36-37 38 00 00 32 38 38 37 34 37       ....47394678..288747
16880  30 39 33 36 38 30 30 00 00 00-00 00 30 32 30 32 32 30 38 30       0936800.....02022080
16900  38 36 31 34 30 30 00 00 00 00-00 36 31 34 30 30 00 00 00 00       861400.....61400....
16920  00 35 38 36 30 30 00 00 00 00-00 36 30 32 30 30 00 00 00 00       .58600.....60200....
16940  00 37 33 35 37 37 32 36 38 00-00 34 34 30 31 34 30 35 35 38       .73577268..440140558
16960  38 34 39 34 00 00 00 00 00 30-32 30 32 32 30 38 30 31 36 31       8494.....02022080161
16980  30 30 30 00 00 00 00 00 36 31-39 30 30 00 00 00 00 00 36 30       000.....61900.....60
17000  33 30 30 00 00 00 00 00 36 31-35 30 30 00 00 00 00 00 35 35       300.....61500.....55
17020  35 31 36 36 33 31 00 00 33 34-30 36 35 30 31 32 32 39 35 30       516631..340650122950
17040  30 00 00 00 00 00 30 32 30 32-32 30 37 32 35 36 30 39 30 30       0.....02022072560900
17060  00 00 00 00 00 36 32 36 30 30-00 00 00 00 00 36 30 38 30 30       .....62600.....60800
17080  00 00 00 00 00 36 31 34 30 30-00 00 00 00 00 34 38 39 35 30       .....61400.....48950
17100  33 31 31 00 00 33 30 32 30 38-34 33 34 32 35 37 30 30 00 00       311..3020843425700..
17120  00 00 00 30 32 30 32 32 30 37-31 38 36 30 36 30 30 00 00 00       ...02022071860600...
17140  00 00 36 32 32 30 30 00 00 00-00 00 36 30 32 30 30 00 00 00       ..62200.....60200...
17160  00 00 36 31 33 30 30 00 00 00-00 00 37 35 34 31 35 37 30 30       ..61300.....75415700
17180  00 00 34 36 31 36 33 31 33 39-32 38 32 39 37 00 00 00 00 00       ..4616313928297.....
17200  30 32 30 32 32 30 37 31 31 35-39 33 30 30 00 00 00 00 00 36       02022071159300.....6
17220  30 30 30 30 00 00 00 00 00 35-37 34 30 30 00 00 00 00 00 36       0000.....57400.....6
17240  30 30 30 30 00 00 00 00 00 36-36 39 37 32 35 39 35 00 00 33       0000.....66972595..3
17260  39 32 30 33 33 34 33 38 36 39-33 35 00 00 00 00 00 30 32 30       920334386935.....020
17280  32 32 30 37 30 34 35 36 31 30-30 00 00 00 00 00 35 39 33 30       22070456100.....5930
17300  30 00 00 00 00 00 35 35 37 30-30 00 00 00 00 00 35 38 37 30       0.....55700.....5870
17320  30 00 00 00 00 00 38 35 35 30-36 32 33 30 00 00 34 39 32 33       0.....85506230..4923
17340  35 30 30 32 34 37 35 30 31 00-00 00 00 00 30 32 30 32 32 30       500247501.....020220
17360  36 32 37 35 39 30 30 30 00 00-00 00 00 35 39 39 30 30 00 00       62759000.....59900..
17380  00 00 00 35 35 39 30 30 00 00-00 00 00 35 36 32 30 30 00 00       ...55900.....56200..
17400  00 00 00 39 30 32 33 37 31 35-31 00 00 35 32 32 32 32 37 30       ...90237151..5222270
17420  38 36 30 39 32 33 00 00 00 00-00 30 32 30 32 32 30 36 32 30       860923.....020220620
17440  35 39 38 30 30 00 00 00 00 00-35 39 39 30 30 00 00 00 00 00       59800.....59900.....
17460  35 36 38 30 30 00 00 00 00 00-35 38 34 30 30 00 00 00 00 00       56800.....58400.....
17480  31 33 34 31 38 38 38 31 33 00-37 38 31 38 34 36 33 36 33 39       134188813.7818463639
17500  33 31 35 00 00 00 00 00 30 32-30 32 32 30 36 31 33 36 32 34       315.....020220613624
17520  30 30 00 00 00 00 00 36 32 38-30 30 00 00 00 00 00 35 39 34       00.....62800.....594
17540  30 30 00 00 00 00 00 35 39 38-30 30 00 00 00 00 00 31 32 36       00.....59800.....126
17560  30 32 33 38 30 34 00 37 36 39-33 35 32 34 38 37 37 34 30 33       023804.7693524877403
17580  00 00 00 00 00 30 32 30 32 32-30 36 30 37 36 36 32 30 30 00       .....02022060766200.
17600  00 00 00 00 36 36 34 30 30 00-00 00 00 00 36 33 38 30 30 00       ....66400.....63800.
17620  00 00 00 00 36 33 38 30 30 00-00 00 00 00 37 39 38 32 33 32       ....63800.....798232
17640  31 32 00 00 35 31 38 33 38 33-32 38 37 39 32 35 32 00 00 00       12..5183832879252...
17660  00 00 30 32 30 32 32 30 35 33-30 36 37 35 30 30 00 00 00 00       ..02022053067500....
17680  00 36 37 38 30 30 00 00 00 00-00 36 36 34 30 30 00 00 00 00       .67800.....66400....
17700  00 36 36 38 30 30 00 00 00 00-00 36 31 38 30 32 38 31 32 00       .66800.....61802812.
17720  00 34 31 34 35 37 30 32 32 33-38 30 33 38 00 00 00 00 00 30       .4145702238038.....0
17740  32 30 32 32 30 35 32 33 36 38-38 30 30 00 00 00 00 00 36 38       2022052368800.....68
17760  38 30 30 00 00 00 00 00 36 35-35 30 30 00 00 00 00 00 36 36       800.....65500.....66
17780  35 30 30 00 00 00 00 00 37 31-36 39 33 35 39 39 00 00 34 37       500.....71693599..47
17800  39 30 39 37 32 35 35 35 38 30-30 00 00 00 00 00 30 32 30 32       90972555800.....0202
17820  32 30 35 31 36 36 37 31 30 30-00 00 00 00 00 36 38 37 30 30       2051667100.....68700
17840  00 00 00 00 00 36 36 31 30 30-00 00 00 00 00 36 38 30 30 30       .....66100.....68000
17860  00 00 00 00 00 37 33 32 38 37-37 31 39 00 00 34 39 34 38 37       .....73287719..49487
17880  36 31 30 35 39 35 39 33 00 00-00 00 00 30 32 30 32 32 30 35       61059593.....0202205
17900  30 39 36 36 33 30 30 00 00 00-00 00 36 36 39 30 30 00 00 00       0966300.....66900...
17920  00 00 36 34 39 30 30 00 00 00-00 00 36 36 35 30 30 00 00 00       ..64900.....66500...
17940  00 00 37 32 33 39 30 39 38 35-00 00 34 37 36 34 30 39 30 32       ..72390985..47640902
17960  33 38 39 35 30 00 00 00 00 00-30 32 30 32 32 30 35 30 32 36       38950.....0202205026
17980  36 36 30 30 00 00 00 00 00 36-38 34 30 30 00 00 00 00 00 36       6600.....68400.....6
18000  36 35 30 30 00 00 00 00 00 36-36 35 30 30 00 00 00 00 00 35       6500.....66500.....5
18020  34 31 33 36 34 36 33 00 00 33-36 34 37 30 36 37 38 34 34 33       4136463..36470678443
18040  33 35 00 00 00 00 00 30 32 30-32 32 30 34 32 35 36 36 35 30       35.....0202204256650
18060  30 00 00 00 00 00 36 37 36 30-30 00 00 00 00 00 36 34 35 30       0.....67600.....6450
18080  30 00 00 00 00 00 36 37 34 30-30 00 00 00 00 00 38 35 31 37       0.....67400.....8517
18100  31 33 39 38 00 00 35 36 31 31-33 36 33 38 31 33 31 37 38 00       1398..5611363813178.
18120  00 00 00 00 30 32 30 32 32 30-34 31 38 36 36 35 30 30 00 00       ....02022041866500..
18140  00 00 00 36 38 33 30 30 00 00-00 00 00 36 36 31 30 30 00 00       ...68300.....66100..
18160  00 00 00 36 37 30 30 30 00 00-00 00 00 36 34 34 31 30 38 35       ...67000.....6441085
18180  36 00 00 34 33 32 39 39 33 34-31 33 35 34 33 31 00 00 00 00       6..4329934135431....
18200  00 30 32 30 32 32 30 34 31 31-36 37 38 30 30 00 00 00 00 00       .02022041167800.....
18220  36 39 30 30 30 00 00 00 00 00-36 36 35 30 30 00 00 00 00 00       69000.....66500.....
18240  36 36 36 30 30 00 00 00 00 00-37 33 31 35 32 36 35 32 00 00       66600.....73152652..
18260  34 39 34 32 34 34 32 38 36 31-35 30 30 00 00 00 00 00 30 32       4942442861500.....02
18280  30 32 32 30 34 30 34 36 38 39-30 30 00 00 00 00 00 36 39 36       022040468900.....696
18300  30 30 00 00 00 00 00 36 37 37-30 30 00 00 00 00 00 36 37 38       00.....67700.....678
18320  30 30 00 00 00 00 00 37 31 32-32 38 39 37 39 00 00 34 38 37       00.....71228979..487
18340  38 32 38 32 32 35 39 30 30 33-00 00 00 00 00 30 32 30 32 32       8282259003.....02022
18360  30 33 32 38 36 39 35 30 30 00-00 00 00 00 37 30 35 30 30 00       032869500.....70500.
18380  00 00 00 00 36 39 30 30 30 00-00 00 00 00 36 39 31 30 30 00       ....69000.....69100.
18400  00 00 00 00 36 37 34 30 32 38-39 36 00 00 34 36 39 37 39 31       ....67402896..469791
18420  30 39 38 37 39 35 30 00 00 00-00 00 30 32 30 32 32 30 33 32       0987950.....02022032
18440  31 37 30 39 30 30 00 00 00 00-00 37 31 32 30 30 00 00 00 00       170900.....71200....
18460  00 36 39 36 30 30 00 00 00 00-00 36 39 38 30 30 00 00 00 00       .69600.....69800....
18480  00 38 33 38 39 39 30 36 30 00-00 35 38 35 35 32 38 36 31 35       .83899060..585528615
18500  36 32 30 30 00 00 00 00 00 30-32 30 32 32 30 33 31 34 37 30       6200.....02022031470
18520  30 30 30 00 00 00 00 00 37 31-38 30 30 00 00 00 00 00 36 39       000.....71800.....69
18540  35 30 30 00 00 00 00 00 37 30-37 30 30 00 00 00 00 00 36 31       500.....70700.....61
18560  35 33 31 36 35 38 00 00 34 33-33 37 35 34 39 33 36 36 32 32       531658..433754936622
18580  33 00 00 00 00 00 30 32 30 32-32 30 33 30 37 37 30 30 30 30       3.....02022030770000
18600  00 00 00 00 00 37 31 32 30 30-00 00 00 00 00 36 38 37 30 30       .....71200.....68700
18620  00 00 00 00 00 37 30 30 30 30-00 00 00 00 00 37 31 33 39 32       .....70000.....71392
18640  33 31 30 00 00 35 30 31 32 30-39 30 31 32 35 34 37 36 00 00       310..5012090125476..
18660  00 00 00 30 32 30 32 32 30 32-32 38 37 31 31 30 30 00 00 00       ...02022022871100...
18680  00 00 37 33 31 30 30 00 00 00-00 00 37 31 30 30 30 00 00 00       ..73100.....71000...
18700  00 00 37 31 35 30 30 00 00 00-00 00 35 36 39 30 35 34 38 35       ..71500.....56905485
18720  00 00 34 30 39 32 38 36 38 33-39 31 39 32 30 00 00 00 00 00       ..4092868391920.....
18740  30 32 30 32 32 30 32 32 31 37-33 32 30 30 00 00 00 00 00 37       02022022173200.....7
18760  34 33 30 30 00 00 00 00 00 37-31 33 30 30 00 00 00 00 00 37       4300.....71300.....7
18780  31 39 30 30 00 00 00 00 00 36-31 35 30 37 39 31 37 00 00 34       1900.....61507917..4
18800  34 36 35 31 33 36 31 36 33 32-39 31 00 00 00 00 00 30 32 30       465136163291.....020
18820  32 32 30 32 31 34 37 34 34 30-30 00 00 00 00 00 37 35 36 30       22021474400.....7560
18840  30 00 00 00 00 00 37 33 31 30-30 00 00 00 00 00 37 34 33 30       0.....73100.....7430
18860  30 00 00 00 00 00 35 37 38 30-38 36 31 34 00 00 34 32 39 33       0.....57808614..4293
18880  34 30 32 34 38 39 30 30 30 00-00 00 00 00 30 32 30 32 32 30       402489000.....020220
18900  32 30 37 37 33 35 30 30 00 00-00 00 00 37 35 38 30 30 00 00       20773500.....75800..
18920  00 00 00 37 32 34 30 30 00 00-00 00 00 37 34 39 30 30 00 00       ...72400.....74900..
18940  00 00 00 36 35 36 32 38 30 36-36 00 00 34 38 37 36 31 35 39       ...65628066..4876159
18960  37 32 32 39 39 32 00 00 00 00-00 30 32 30 32 32 30 32 30 33       722992.....020220203
18980  37 34 39 30 30 00 00 00 00 00-37 34 39 30 30 00 00 00 00 00       74900.....74900.....
19000  37 33 33 30 30 00 00 00 00 00-37 34 30 30 30 00 00 00 00 00       73300.....74000.....
19020  33 30 34 37 34 37 35 35 00 00-32 32 35 35 39 31 39 31 39 30       30474755..2255919190
19040  36 34 34 00 00 00 00 00 30 32-30 32 32 30 31 32 34 37 35 34       644.....020220124754
19060  30 30 00 00 00 00 00 37 35 38-30 30 00 00 00 00 00 37 31 32       00.....75800.....712
19080  30 30 00 00 00 00 00 37 33 33-30 30 00 00 00 00 00 38 38 30       00.....73300.....880
19100  37 36 37 39 32 00 00 36 34 35-33 37 39 35 33 37 32 32 37 38       76792..6453795372278
19120  00 00 00 00 00 30 32 30 32 32-30 31 31 37 37 37 36 30 30 00       .....02022011777600.
19140  00 00 00 00 37 37 38 30 30 00-00 00 00 00 37 34 37 30 30 00       ....77800.....74700.
19160  00 00 00 00 37 35 36 30 30 00-00 00 00 00 35 34 34 35 39 32       ....75600.....544592
19180  35 36 00 00 34 31 35 36 37 37-39 35 33 30 35 30 32 00 00 00       56..4156779530502...
19200  00 00 30 32 30 32 32 30 31 31-30 37 38 31 30 30 00 00 00 00       ..02022011078100....
19220  00 37 39 36 30 30 00 00 00 00-00 37 37 31 30 30 00 00 00 00       .79600.....77100....
19240  00 37 37 33 30 30 00 00 00 00-00 35 38 31 35 35 31 37 33 00       .77300.....58155173.
19260  00 34 35 35 30 36 35 38 39 34-33 32 37 32 00 00 00 00 00 30       .4550658943272.....0
19280  32 30 32 32 30 31 30 33 37 39-34 30 30 00 00 00 00 00 37 39       2022010379400.....79
19300  38 30 30 00 00 00 00 00 37 36-34 30 30 00 00 00 00 00 37 38       800.....76400.....78
19320  33 30 30 00 00 00 00 00 37 39-34 39 35 38 37 39 00 00 36 31       300.....79495879..61
19340  39 32 34 35 33 39 34 35 38 32-30 00 00 00 00 00 30 32 30 32       92453945820.....0202
19360  31 31 32 32 37 38 30 36 30 30-00 00 00 00 00 38 30 36 30 30       1122780600.....80600
19380  00 00 00 00 00 37 38 31 30 30-00 00 00 00 00 37 38 33 30 30       .....78100.....78300
19400  00 00 00 00 00 36 33 30 34 31-31 38 38 00 00 35 30 31 32 33       .....63041188..50123
19420  30 39 32 35 39 34 30 30 00 00-00 00 00 30 32 30 32 31 31 32       09259400.....0202112
19440  32 30 37 37 36 30 30 00 00 00-00 00 38 30 38 30 30 00 00 00       2077600.....80800...
19460  00 00 37 36 38 30 30 00 00 00-00 00 38 30 35 30 30 00 00 00       ..76800.....80500...
19480  00 00 36 38 32 37 39 34 34 33-00 00 35 33 39 31 36 35 39 35       ..68279443..53916595
19500  31 32 32 34 35 00 00 00 00 00-30 32 30 32 31 31 32 31 33 37       12245.....0202112137
19520  37 32 30 30 00 00 00 00 00 37-38 35 30 30 00 00 00 00 00 37       7200.....78500.....7
19540  36 32 30 30 00 00 00 00 00 37-38 30 30 30 00 00 00 00 00 36       6200.....78000.....6
19560  30 37 30 34 39 35 36 00 00 34-36 39 34 34 31 34 31 34 35 39       0704956..46944141459
19580  39 37 00 00 00 00 00 30 32 30-32 31 31 32 30 36 37 35 31 30       97.....0202112067510
19600  30 00 00 00 00 00 37 38 36 30-30 00 00 00 00 00 37 34 39 30       0.....78600.....7490
19620  30 00 00 00 00 00 37 36 39 30-30 00 00 00 00 00 38 37 39 34       0.....76900.....8794
19640  31 37 39 30 00 00 36 37 37 33-33 32 36 34 36 32 35 34 30 00       1790..6773326462540.
19660  00 00 00 00 30 32 30 32 31 31-31 32 39 37 31 37 30 30 00 00       ....02021112971700..
19680  00 00 00 37 36 30 30 30 00 00-00 00 00 37 30 35 30 30 00 00       ...76000.....70500..
19700  00 00 00 37 35 36 30 30 00 00-00 00 00 31 31 30 39 38 35 34       ...75600.....1109854
19720  33 36 00 38 31 35 35 38 31 33-38 30 37 38 35 34 00 00 00 00       36.8155813807854....
19740  00 30 32 30 32 31 31 31 32 32-37 33 33 30 30 00 00 00 00 00       .02021112273300.....
19760  37 36 32 30 30 00 00 00 00 00-37 32 30 30 30 00 00 00 00 00       76200.....72000.....
19780  37 32 33 30 30 00 00 00 00 00-39 30 37 34 39 36 32 33 00 00       72300.....90749623..
19800  36 37 35 32 30 39 35 30 39 37-31 31 39 00 00 00 00 00 30 32       6752095097119.....02
19820  30 32 31 31 31 31 35 37 31 37-30 30 00 00 00 00 00 37 32 30       021111571700.....720
19840  30 30 00 00 00 00 00 37 30 31-30 30 00 00 00 00 00 37 31 32       00.....70100.....712
19860  30 30 00 00 00 00 00 35 36 34-36 37 32 34 30 00 00 34 30 31       00.....56467240..401
19880  33 37 30 36 35 38 30 37 30 38-00 00 00 00 00 30 32 30 32 31       3706580708.....02021
19900  31 31 30 38 37 30 34 30 30 00-00 00 00 00 37 31 30 30 30 00       110870400.....71000.
19920  00 00 00 00 36 39 36 30 30 00-00 00 00 00 37 30 36 30 30 00       ....69600.....70600.
19940  00 00 00 00 35 33 32 38 30 31-35 31 00 00 33 37 34 33 36 37       ....53280151..374367
19960  30 30 34 33 31 34 31 00 00 00-00 00 30 32 30 32 31 31 31 30       0043141.....02021110
19980  31 37 30 32 30 30 00 00 00 00-00 37 32 32 30 30 00 00 00 00       170200.....72200....
20000  00 36 39 39 30 30 00 00 00 00-00 37 30 32 30 30 00 00 00 00       .69900.....70200....
20020  00 36 35 35 37 33 34 35 37 00-00 34 36 34 37 37 38 37 33 35       .65573457..464778735
20040  32 33 37 36 00 00 00 00 00 30-32 30 32 31 31 30 32 35 36 39       2376.....02021102569
20060  39 30 30 00 00 00 00 00 37 32-32 30 30 00 00 00 00 00 36 39       900.....72200.....69
20080  35 30 30 00 00 00 00 00 36 39-38 30 30 00 00 00 00 00 36 38       500.....69800.....68
20100  35 31 34 32 34 32 00 00 34 38-32 38 36 32 32 32 36 39 37 36       514242..482862226976
20120  31 00 00 00 00 00 30 32 30 32-31 31 30 31 38 37 30 32 30 30       1.....02021101870200
20140  00 00 00 00 00 37 31 30 30 30-00 00 00 00 00 36 39 32 30 30       .....71000.....69200
20160  00 00 00 00 00 37 30 34 30 30-00 00 00 00 00 35 32 34 33 32       .....70400.....52432
20180  35 36 32 00 00 33 36 38 36 32-35 32 39 30 37 32 30 30 00 00       562..3686252907200..
20200  00 00 00 30 32 30 32 31 31 30-31 32 37 30 37 30 30 00 00 00       ...02021101270700...
20220  00 00 37 31 30 30 30 00 00 00-00 00 36 38 33 30 30 00 00 00       ..71000.....68300...
20240  00 00 37 30 31 30 30 00 00 00-00 00 39 32 37 34 35 37 35 32       ..70100.....92745752
20260  00 00 36 34 34 34 33 36 38 30-38 35 36 38 39 00 00 00 00 00       ..6444368085689.....
20280  30 32 30 32 31 31 30 30 35 37-33 30 30 30 00 00 00 00 00 37       02021100573000.....7
20300  33 30 30 30 00 00 00 00 00 37-31 32 30 30 00 00 00 00 00 37       3000.....71200.....7
20320  31 35 30 30 00 00 00 00 00 37-30 36 39 37 37 30 32 00 00 35       1500.....70697702..5
20340  30 38 31 33 33 34 39 32 37 31-33 38 00 00 00 00 00 30 32 30       081334927138.....020
20360  32 31 30 39 32 37 37 37 33 30-30 00 00 00 00 00 37 37 38 30       21092777300.....7780
20380  30 00 00 00 00 00 37 32 39 30-30 00 00 00 00 00 37 33 32 30       0.....72900.....7320
20400  30 00 00 00 00 00 38 36 38 32-31 33 39 34 00 00 36 35 30 37       0.....86821394..6507
20420  38 39 39 38 33 38 37 35 37 00-00 00 00 00 30 32 30 32 31 30       899838757.....020210
20440  39 32 33 37 37 35 30 30 00 00-00 00 00 37 37 37 30 30 00 00       92377500.....77700..
20460  00 00 00 37 36 38 30 30 00 00-00 00 00 37 37 33 30 30 00 00       ...76800.....77300..
20480  00 00 00 32 39 33 30 32 38 36-34 00 00 32 32 36 35 36 36 38       ...29302864..2265668
20500  31 33 38 39 32 35 00 00 00 00-00 30 32 30 32 31 30 39 31 33       138925.....020210913
20520  37 35 32 30 30 00 00 00 00 00-37 37 37 30 30 00 00 00 00 00       75200.....77700.....
20540  37 35 31 30 30 00 00 00 00 00-37 37 32 30 30 00 00 00 00 00       75100.....77200.....
20560  37 31 37 35 31 30 38 34 00 00-35 35 30 38 32 37 39 33 37 36       71751084..5508279376
20580  36 39 37 00 00 00 00 00 30 32-30 32 31 30 39 30 36 37 36 38       697.....020210906768
20600  30 30 00 00 00 00 00 37 37 36-30 30 00 00 00 00 00 37 34 38       00.....77600.....748
20620  30 30 00 00 00 00 00 37 35 33-30 30 00 00 00 00 00 36 35 36       00.....75300.....656
20640  30 32 37 31 30 00 00 34 39 38-39 35 31 32 35 34 39 38 35 30       02710..4989512549850
20660  00 00 00 00 00 30 32 30 32 31-30 38 33 30 37 35 34 30 30 00       .....02021083075400.
20680  00 00 00 00 37 37 31 30 30 00-00 00 00 00 37 34 32 30 30 00       ....77100.....74200.
20700  00 00 00 00 37 36 36 30 30 00-00 00 00 00 38 30 38 37 36 30       ....76600.....808760
20720  34 39 00 00 36 31 33 37 30 33-30 39 30 36 37 38 30 00 00 00       49..6137030906780...
20740  00 00 30 32 30 32 31 30 38 32-33 37 33 33 30 30 00 00 00 00       ..02021082373300....
20760  00 37 36 36 30 30 00 00 00 00-00 37 33 30 30 30 00 00 00 00       .76600.....73000....
20780  00 37 34 33 30 30 00 00 00 00-00 39 34 35 36 35 34 36 37 00       .74300.....94565467.
20800  00 37 30 37 30 31 37 36 38 35-37 39 35 30 00 00 00 00 00 30       .7070176857950.....0
20820  32 30 32 31 30 38 31 37 37 34-30 30 30 00 00 00 00 00 37 35       2021081774000.....75
20840  31 30 30 00 00 00 00 00 37 32-35 30 30 00 00 00 00 00 37 32       100.....72500.....72
20860  37 30 30 00 00 00 00 00 31 30-34 36 36 38 35 37 39 00 37 37       700.....104668579.77
20880  32 35 37 37 35 35 38 35 38 39-34 00 00 00 00 00 30 32 30 32       25775585894.....0202
20900  31 30 38 30 39 38 31 35 30 30-00 00 00 00 00 38 32 34 30 30       1080981500.....82400
20920  00 00 00 00 00 37 34 31 30 30-00 00 00 00 00 37 34 34 30 30       .....74100.....74400
20940  00 00 00 00 00 31 36 39 37 36-32 32 32 33 00 31 33 31 35 32       .....169762223.13152
20960  36 35 36 32 30 36 33 37 39 00-00 00 00 30 32 30 32 31 30 38       656206379....0202108
20980  30 32 37 39 32 30 30 00 00 00-00 00 38 33 33 30 30 00 00 00       0279200.....83300...
21000  00 00 37 38 37 30 30 00 00 00-00 00 38 31 35 30 30 00 00 00       ..78700.....81500...
21020  00 00 39 33 35 34 38 39 34 34-00 00 37 36 32 39 36 30 36 35       ..93548944..76296065
21040  39 32 30 34 36 00 00 00 00 00-30 32 30 32 31 30 37 32 36 37       92046.....0202107267
21060  39 34 30 30 00 00 00 00 00 37-39 35 30 30 00 00 00 00 00 37       9400.....79500.....7
21080  38 31 30 30 00 00 00 00 00 37-38 35 30 30 00 00 00 00 00 36       8100.....78500.....6
21100  32 33 39 35 39 34 39 00 00 34-39 31 35 39 31 30 37 33 38 38       2395949..49159107388
21120  31 33 00 00 00 00 00 30 32 30-32 31 30 37 31 39 37 39 31 30       13.....0202107197910
21140  30 00 00 00 00 00 37 39 39 30-30 00 00 00 00 00 37 38 34 30       0.....79900.....7840
21160  30 00 00 00 00 00 37 39 33 30-30 00 00 00 00 00 35 39 36 38       0.....79300.....5968
21180  35 30 35 36 00 00 34 37 31 37-31 36 37 35 37 32 32 35 38 00       5056..4717167572258.
21200  00 00 00 00 30 32 30 32 31 30-37 31 32 37 39 39 30 30 00 00       ....02021071279900..
21220  00 00 00 38 30 36 30 30 00 00-00 00 00 37 39 31 30 30 00 00       ...80600.....79100..
21240  00 00 00 37 39 38 30 30 00 00-00 00 00 35 35 38 33 32 38 37       ...79800.....5583287
21260  32 00 00 34 34 35 34 36 32 34-31 37 32 39 34 32 00 00 00 00       2..4454624172942....
21280  00 30 32 30 32 31 30 37 30 35-38 30 31 30 30 00 00 00 00 00       .02021070580100.....
21300  38 31 33 30 30 00 00 00 00 00-37 39 30 30 30 00 00 00 00 00       81300.....79000.....
21320  37 39 34 30 30 00 00 00 00 00-37 35 38 33 36 33 39 37 00 00       79400.....75836397..
21340  36 30 38 32 39 39 35 36 34 38-32 30 34 00 00 00 00 00 30 32       6082995648204.....02
21360  30 32 31 30 36 32 38 38 31 37-30 30 00 00 00 00 00 38 32 31       021062881700.....821
21380  30 30 00 00 00 00 00 37 39 39-30 30 00 00 00 00 00 38 30 30       00.....79900.....800
21400  30 30 00 00 00 00 00 36 32 37-34 37 34 36 38 00 00 35 30 37       00.....62747468..507
21420  35 31 30 33 31 30 31 39 35 32-00 00 00 00 00 30 32 30 32 31       5103101952.....02021
21440  30 36 32 31 37 39 37 30 30 00-00 00 00 00 38 31 39 30 30 00       062179700.....81900.
21460  00 00 00 00 37 39 36 30 30 00-00 00 00 00 38 31 36 30 30 00       ....79600.....81600.
21480  00 00 00 00 37 33 39 34 35 37-33 38 00 00 35 39 34 39 36 36       ....73945738..594966
21500  31 39 38 31 39 34 30 00 00 00-00 00 30 32 30 32 31 30 36 31       1981940.....02021061
21520  34 38 30 38 30 30 00 00 00 00-00 38 31 39 30 30 00 00 00 00       480800.....81900....
21540  00 38 30 35 30 30 00 00 00 00-00 38 30 35 30 30 00 00 00 00       .80500.....80500....
21560  00 36 34 35 34 39 37 32 34 00-00 35 32 32 32 33 37 39 37 35       .64549724..522237975
21580  36 32 30 35 00 00 00 00 00 30-32 30 32 31 30 36 30 37 38 32       6205.....02021060782
21600  37 30 30 00 00 00 00 00 38 32-38 30 30 00 00 00 00 00 38 30       700.....82800.....80
21620  37 30 30 00 00 00 00 00 38 31-30 30 30 00 00 00 00 00 37 35       700.....81000.....75
21640  38 36 31 32 30 33 00 00 36 31-38 35 34 31 31 36 34 36 35 37       861203..618541164657
21660  35 00 00 00 00 00 30 32 30 32-31 30 35 33 31 38 30 33 30 30       5.....02021053180300
21680  00 00 00 00 00 38 33 30 30 30-00 00 00 00 00 37 39 36 30 30       .....83000.....79600
21700  00 00 00 00 00 38 32 32 30 30-00 00 00 00 00 39 31 34 35 32       .....82200.....91452
21720  36 33 35 00 00 37 34 35 34 33-37 31 31 35 38 30 33 34 00 00       635..7454371158034..
21740  00 00 00 30 32 30 32 31 30 35-32 34 38 30 31 30 30 00 00 00       ...02021052480100...
21760  00 00 38 30 35 30 30 00 00 00-00 00 37 39 31 30 30 00 00 00       ..80500.....79100...
21780  00 00 38 30 31 30 30 00 00 00-00 00 37 34 35 37 30 36 37 36       ..80100.....74570676
21800  00 00 35 39 35 33 37 36 31 37-31 37 32 38 35 00 00 00 00 00       ..5953761717285.....
21820  30 32 30 32 31 30 35 31 37 38-30 38 30 30 00 00 00 00 00 38       02021051780800.....8
21840  31 35 30 30 00 00 00 00 00 37-39 31 30 30 00 00 00 00 00 38       1500.....79100.....8
21860  30 31 30 30 00 00 00 00 00 37-32 37 33 38 38 30 34 00 00 35       0100.....72738804..5
21880  38 30 39 37 36 39 37 30 34 32-38 36 00 00 00 00 00 30 32 30       809769704286.....020
21900  32 31 30 35 31 30 38 32 33 30-30 00 00 00 00 00 38 33 35 30       21051082300.....8350
21920  30 00 00 00 00 00 37 38 34 30-30 00 00 00 00 00 38 30 31 30       0.....78400.....8010
21940  30 00 00 00 00 00 31 33 32 31-33 34 39 39 31 00 31 30 36 34       0.....132134991.1064
21960  32 32 35 36 39 33 35 38 31 34-00 00 00 00 30 32 30 32 31 30       2256935814....020210
21980  35 30 33 38 31 30 30 30 00 00-00 00 00 38 32 36 30 30 00 00       50381000.....82600..
22000  00 00 00 38 31 30 30 30 00 00-00 00 00 38 31 39 30 30 00 00       ...81000.....81900..
22020  00 00 00 35 39 34 34 35 32 37-39 00 00 34 38 37 30 37 30 38       ...59445279..4870708
22040  36 35 30 37 30 30 00 00 00 00-00 30 32 30 32 31 30 34 32 36       650700.....020210426
22060  38 32 39 30 30 00 00 00 00 00-38 33 35 30 30 00 00 00 00 00       82900.....83500.....
22080  38 31 35 30 30 00 00 00 00 00-38 31 35 30 30 00 00 00 00 00       81500.....81500.....
22100  38 32 37 30 32 34 30 30 00 00-36 38 30 36 31 39 38 31 31 32       82702400..6806198112
22120  32 38 33 00 00 00 00 00 30 32-30 32 31 30 34 31 39 38 33 38       283.....020210419838
22140  30 30 00 00 00 00 00 38 34 30-30 30 00 00 00 00 00 38 31 36       00.....84000.....816
22160  30 30 00 00 00 00 00 38 32 38-30 30 00 00 00 00 00 38 34 31       00.....82800.....841
22180  38 35 31 38 31 00 00 36 39 38-33 35 38 38 32 37 38 34 34 30       85181..6983588278440
22200  00 00 00 00 00 30 32 30 32 31-30 34 31 32 38 34 31 30 30 00       .....02021041284100.
22220  00 00 00 00 38 34 37 30 30 00-00 00 00 00 38 32 38 30 30 00       ....84700.....82800.
22240  00 00 00 00 38 33 39 30 30 00-00 00 00 00 37 33 37 35 35 30       ....83900.....737550
22260  37 34 00 00 36 31 38 31 34 35-39 33 35 31 34 35 30 00 00 00       74..6181459351450...
22280  00 00 30 32 30 32 31 30 34 30-35 38 35 38 30 30 00 00 00 00       ..02021040585800....
22300  00 38 36 32 30 30 00 00 00 00-00 38 33 34 30 30 00 00 00 00       .86200.....83400....
22320  00 38 33 36 30 30 00 00 00 00-00 39 30 36 32 31 35 31 37 00       .83600.....90621517.
22340  00 37 37 30 38 33 39 38 38 30-34 36 35 31 00 00 00 00 00 30       .7708398804651.....0
22360  32 30 32 31 30 33 32 39 38 31-37 30 30 00 00 00 00 00 38 35       2021032981700.....85
22380  32 30 30 00 00 00 00 00 38 31-30 30 30 00 00 00 00 00 38 34       200.....81000.....84
22400  38 30 30 00 00 00 00 00 38 36-39 38 38 33 34 39 00 00 37 31       800.....86988349..71
22420  39 35 33 38 37 31 30 36 38 31-36 00 00 00 00 00 30 32 30 32       95387106816.....0202
22440  31 30 33 32 32 38 32 30 30 30-00 00 00 00 00 38 32 39 30 30       1032282000.....82900
22460  00 00 00 00 00 38 30 37 30 30-00 00 00 00 00 38 31 35 30 30       .....80700.....81500
22480  00 00 00 00 00 37 31 35 30 31-36 35 35 00 00 35 38 33 31 35       .....71501655..58315
22500  37 35 36 37 36 33 37 36 00 00-00 00 00 30 32 30 32 31 30 33       75676376.....0202103
22520  31 35 38 32 38 30 30 00 00 00-00 00 38 33 38 30 30 00 00 00       1582800.....83800...
22540  00 00 38 31 38 30 30 00 00 00-00 00 38 31 39 30 30 00 00 00       ..81800.....81900...
22560  00 00 37 32 31 30 39 34 32 35-00 00 35 39 34 38 31 39 33 30       ..72109425..59481930
22580  30 33 38 34 36 00 00 00 00 00-30 32 30 32 31 30 33 30 38 38       03846.....0202103088
22600  32 39 30 30 00 00 00 00 00 38-33 35 30 30 00 00 00 00 00 38       2900.....83500.....8
22620  30 36 30 30 00 00 00 00 00 38-32 38 30 30 00 00 00 00 00 31       0600.....82800.....1
22640  30 30 34 34 39 33 31 32 00 38-32 32 31 31 33 30 39 39 35 36       00449312.82211309956
22660  38 33 00 00 00 00 00 30 32 30-32 31 30 33 30 32 38 35 31 30       83.....0202103028510
22680  30 00 00 00 00 00 38 35 33 30-30 00 00 00 00 00 38 31 31 30       0.....85300.....8110
22700  30 00 00 00 00 00 38 32 31 30-30 00 00 00 00 00 39 38 32 33       0.....82100.....9823
22720  37 36 31 34 00 00 38 31 37 30-35 38 37 37 37 34 35 38 33 00       7614..8170587774583.
22740  00 00 00 00 30 32 30 32 31 30-32 32 32 38 33 38 30 30 00 00       ....02021022283800..
22760  00 00 00 38 35 34 30 30 00 00-00 00 00 38 31 31 30 30 00 00       ...85400.....81100..
22780  00 00 00 38 32 35 30 30 00 00-00 00 00 31 34 35 34 39 31 36       ...82500.....1454916
22800  33 37 00 31 32 30 36 32 32 34-37 37 36 38 39 30 36 00 00 00       37.12062247768906...
22820  00 30 32 30 32 31 30 32 31 35-38 33 38 30 30 00 00 00 00 00       .02021021583800.....
22840  38 36 30 30 30 00 00 00 00 00-38 31 30 30 30 00 00 00 00 00       86000.....81000.....
22860  38 32 36 30 30 00 00 00 00 00-31 30 39 35 32 39 31 30 33 00       82600.....109529103.
22880  39 31 32 38 38 34 37 33 38 31-38 35 36 00 00 00 00 00 30 32       9128847381856.....02
22900  30 32 31 30 32 30 38 38 33 38-30 30 00 00 00 00 00 38 34 38       021020883800.....848
22920  30 30 00 00 00 00 00 38 31 36-30 30 00 00 00 00 00 38 31 36       00.....81600.....816
22940  30 30 00 00 00 00 00 35 39 32-36 32 38 36 33 00 00 34 39 31       00.....59262863..491
22960  38 39 35 37 34 33 31 39 32 39-00 00 00 00 00 30 32 30 32 31       8957431929.....02021
22980  30 32 30 31 38 31 37 30 30 00-00 00 00 00 38 36 34 30 30 00       020181700.....86400.
23000  00 00 00 00 38 31 30 30 30 00-00 00 00 00 38 33 35 30 30 00       ....81000.....83500.
23020  00 00 00 00 31 31 38 36 36 39-36 33 37 00 39 39 31 30 33 39       ....118669637.991039
23040  30 36 38 36 33 30 32 00 00 00-00 00 30 32 30 32 31 30 31 32       0686302.....02021012
23060  35 38 37 30 30 30 00 00 00 00-00 38 39 39 30 30 00 00 00 00       587000.....89900....
23080  00 38 32 30 30 30 00 00 00 00-00 38 32 30 30 30 00 00 00 00       .82000.....82000....
23100  00 31 35 38 33 33 36 33 32 36-00 31 33 35 36 30 37 38 36 34       .158336326.135607864
23120  31 30 35 37 34 00 00 00 00 30-32 30 32 31 30 31 31 38 38 36       10574....02021011886
23140  36 30 30 00 00 00 00 00 38 39-37 30 30 00 00 00 00 00 38 33       600.....89700.....83
23160  36 30 30 00 00 00 00 00 38 36-38 30 30 00 00 00 00 00 31 36       600.....86800.....16
23180  34 35 31 33 37 39 34 00 31 34-32 39 31 37 30 32 39 33 36 38       4513794.142917029368
23200  32 30 00 00 00 00 30 32 30 32-31 30 31 31 31 39 30 30 30 30       20....02021011190000
23220  00 00 00 00 00 39 36 38 30 30-00 00 00 00 00 38 37 38 30 30       .....96800.....87800
23240  00 00 00 00 00 38 38 30 30 30-00 00 00 00 00 32 33 34 38 38       .....88000.....23488
23260  33 32 32 30 00 32 31 33 31 37-37 34 33 39 35 39 32 32 38 00       3220.21317743959228.
23280  00 00 00 30 32 30 32 31 30 31-30 34 38 31 30 30 30 00 00 00       ...02021010481000...
23300  00 00 39 30 30 30 30 00 00 00-00 00 38 30 32 30 30 00 00 00       ..90000.....80200...
23320  00 00 38 38 38 30 30 00 00 00-00 00 32 30 37 37 33 37 39 30       ..88800.....20773790
23340  37 00 31 37 34 31 37 39 33 31-31 38 37 35 35 32 00 00 00 00       7.17417931187552....
23360  30 32 30 32 30 31 32 32 38 37-39 30 30 30 00 00 00 00 00 38       02020122879000.....8
23380  31 33 30 30 00 00 00 00 00 37-37 33 30 30 00 00 00 00 00 38       1300.....77300.....8
23400  31 30 30 30 00 00 00 00 00 39-39 38 34 31 39 31 34 00 00 37       1000.....99841914..7
23420  38 38 35 39 34 32 34 32 36 37-39 31 00 00 00 00 00 30 32 30       885942426791.....020
23440  32 30 31 32 32 31 37 33 31 30-30 00 00 00 00 00 37 38 38 30       20122173100.....7880
23460  30 00 00 00 00 00 37 32 30 30-30 00 00 00 00 00 37 37 38 30       0.....72000.....7780
23480  30 00 00 00 00 00 38 38 35 38-36 34 36 31 00 00 36 35 36 36       0.....88586461..6566
23500  37 36 35 35 36 36 32 32 39 00-00 00 00 00 30 32 30 32 30 31       765566229.....020201
23520  32 31 34 37 33 36 30 30 00 00-00 00 00 37 34 35 30 30 00 00       21473600.....74500..
23540  00 00 00 37 32 36 30 30 00 00-00 00 00 37 33 30 30 30 00 00       ...72600.....73000..
23560  00 00 00 31 30 31 37 39 32 34-31 30 00 37 34 38 37 31 34 35       ...101792410.7487145
23580  30 38 30 37 37 32 00 00 00 00-00 30 32 30 32 30 31 32 30 37       080772.....020201207
23600  37 32 34 30 30 00 00 00 00 00-37 33 39 30 30 00 00 00 00 00       72400.....73900.....
23620  37 31 36 30 30 00 00 00 00 00-37 33 34 30 30 00 00 00 00 00       71600.....73400.....
23640  31 33 35 39 33 38 34 33 30 00-39 39 30 38 34 38 36 36 34 30       135938430.9908486640
23660  37 34 35 00 00 00 00 00 30 32-30 32 30 31 31 33 30 36 38 34       745.....020201130684
23680  30 30 00 00 00 00 00 37 32 31-30 30 00 00 00 00 00 36 36 37       00.....72100.....667
23700  30 30 00 00 00 00 00 37 31 35-30 30 00 00 00 00 00 31 34 37       00.....71500.....147
23720  36 35 30 36 35 33 00 31 30 31-38 35 37 36 32 33 31 36 38 35       650653.1018576231685
23740  36 00 00 00 00 30 32 30 32 30-31 31 32 33 36 34 38 30 30 00       6....02020112364800.
23760  00 00 00 00 36 39 35 30 30 00-00 00 00 00 36 34 37 30 30 00       ....69500.....64700.
23780  00 00 00 00 36 38 32 30 30 00-00 00 00 00 31 32 34 38 32 36       ....68200.....124826
23800  34 35 35 00 38 34 32 38 36 37-34 32 34 34 37 31 31 00 00 00       455.8428674244711...
23820  00 00 30 32 30 32 30 31 31 31-36 36 34 30 30 30 00 00 00 00       ..02020111664000....
23840  00 36 37 30 30 30 00 00 00 00-00 36 33 39 30 30 00 00 00 00       .67000.....63900....
23860  00 36 34 37 30 30 00 00 00 00-00 31 32 31 31 38 31 31 38 35       .64700.....121181185
23880  00 37 39 31 38 38 39 34 34 36-35 30 38 39 00 00 00 00 00 30       .7918894465089.....0
23900  32 30 32 30 31 31 30 39 36 30-37 30 30 00 00 00 00 00 36 33       2020110960700.....63
23920  32 30 30 00 00 00 00 00 35 39-35 30 30 00 00 00 00 00 36 33       200.....59500.....63
23940  32 30 30 00 00 00 00 00 31 31-31 39 30 34 34 32 35 00 36 38       200.....111904425.68
23960  33 39 32 32 34 36 30 30 36 31-34 00 00 00 00 00 30 32 30 32       39224600614.....0202
23980  30 31 31 30 32 35 36 34 30 30-00 00 00 00 00 36 30 38 30 30       0110256400.....60800
24000  00 00 00 00 00 35 36 30 30 30-00 00 00 00 00 36 30 31 30 30       .....56000.....60100
24020  00 00 00 00 00 39 34 37 30 38-32 36 31 00 00 35 35 35 36 30       .....94708261..55560
24040  36 34 34 35 35 36 32 39 00 00-00 00 00 30 32 30 32 30 31 30       64455629.....0202010
24060  32 36 36 30 34 30 30 00 00 00-00 00 36 31 31 30 30 00 00 00       2660400.....61100...
24080  00 00 35 36 36 30 30 00 00 00-00 00 35 36 36 30 30 00 00 00       ..56600.....56600...
24100  00 00 39 34 35 30 32 33 33 34-00 00 35 35 34 32 30 38 39 37       ..94502334..55420897
24120  39 37 35 38 35 00 00 00 00 00-30 32 30 32 30 31 30 31 39 35       97585.....0202010195
24140  39 36 30 30 00 00 00 00 00 36-31 35 30 30 00 00 00 00 00 35       9600.....61500.....5
24160  39 35 30 30 00 00 00 00 00 36-30 32 30 30 00 00 00 00 00 37       9500.....60200.....7
24180  33 31 32 30 38 37 30 00 00 34-34 31 37 33 38 36 33 32 39 32       3120870..44173863292
24200  35 37 00 00 00 00 00 30 32 30-32 30 31 30 31 32 36 30 30 30       57.....0202010126000
24220  30 00 00 00 00 00 36 31 34 30-30 00 00 00 00 00 35 39 30 30       0.....61400.....5900
24240  30 00 00 00 00 00 35 39 35 30-30 00 00 00 00 00 38 35 37 39       0.....59500.....8579
24260  30 36 30 36 00 00 35 31 37 35-38 36 34 33 31 31 33 30 39 00       0606..5175864311309.
24280  00 00 00 00 30 32 30 32 30 31-30 30 35 35 37 35 30 30 00 00       ....02020100557500..
24300  00 00 00 36 30 37 30 30 00 00-00 00 00 35 37 35 30 30 00 00       ...60700.....57500..
24320  00 00 00 35 39 37 30 30 00 00-00 00 00 37 34 31 34 33 38 37       ...59700.....7414387
24340  37 00 00 34 33 39 35 35 30 31-39 39 36 33 32 39 00 00 00 00       7..4395501996329....
24360  00 30 32 30 32 30 30 39 32 38-35 38 33 30 30 00 00 00 00 00       .02020092858300.....
24380  35 39 30 30 30 00 00 00 00 00-35 37 39 30 30 00 00 00 00 00       59000.....57900.....
24400  35 38 32 30 30 00 00 00 00 00-32 38 31 31 37 36 34 33 00 00       58200.....28117643..
24420  31 36 34 32 34 32 34 30 36 35-32 30 30 00 00 00 00 00 30 32       1642424065200.....02
24440  30 32 30 30 39 32 31 35 39 31-30 30 00 00 00 00 00 36 30 30       020092159100.....600
24460  30 30 00 00 00 00 00 35 37 34-30 30 00 00 00 00 00 35 37 39       00.....57400.....579
24480  30 30 00 00 00 00 00 38 35 30-39 30 38 36 39 00 00 34 39 37       00.....85090869..497
24500  31 37 33 31 32 31 35 38 30 36-00 00 00 00 00 30 32 30 32 30       1731215806.....02020
24520  30 39 31 34 36 30 32 30 30 00-00 00 00 00 36 31 33 30 30 00       091460200.....61300.
24540  00 00 00 00 35 39 31 30 30 00-00 00 00 00 35 39 33 30 30 00       ....59100.....59300.
24560  00 00 00 00 39 39 35 35 39 37-32 37 00 00 35 39 39 34 31 30       ....99559727..599410
24580  37 33 38 34 39 36 30 00 00 00-00 00 30 32 30 32 30 30 39 30       7384960.....02020090
24600  37 35 36 31 30 30 00 00 00 00-00 36 30 30 30 30 00 00 00 00       756100.....60000....
24620  00 35 35 38 30 30 00 00 00 00-00 35 39 30 30 30 00 00 00 00       .55800.....59000....
24640  00 31 32 36 37 34 31 31 39 30-00 37 34 30 34 36 30 34 37 37       .126741190.740460477
24660  30 33 34 32 00 00 00 00 00 30-32 30 32 30 30 38 33 31 35 36       0342.....02020083156
24680  30 30 30 00 00 00 00 00 35 36-37 30 30 00 00 00 00 00 35 34       000.....56700.....54
24700  30 30 30 00 00 00 00 00 35 35-36 30 30 00 00 00 00 00 31 31       000.....55600.....11
24720  39 34 36 34 32 33 36 00 36 35-38 37 31 36 38 31 30 31 30 39       9464236.658716810109
24740  36 00 00 00 00 00 30 32 30 32-30 30 38 32 34 35 35 38 30 30       6.....02020082455800
24760  00 00 00 00 00 35 36 38 30 30-00 00 00 00 00 35 35 34 30 30       .....56800.....55400
24780  00 00 00 00 00 35 35 34 30 30-00 00 00 00 00 37 37 35 34 35       .....55400.....77545
24800  36 35 30 00 00 34 33 34 34 33-30 31 30 35 38 30 34 32 00 00       650..4344301058042..
24820  00 00 00 30 32 30 32 30 30 38-31 38 35 38 39 30 30 00 00 00       ...02020081858900...
24840  00 00 35 39 39 30 30 00 00 00-00 00 35 35 33 30 30 00 00 00       ..59900.....55300...
24860  00 00 35 35 39 30 30 00 00 00-00 00 39 33 37 36 36 38 36 31       ..55900.....93766861
24880  00 00 35 33 37 39 39 33 37 35-37 32 33 39 36 00 00 00 00 00       ..5379937572396.....
24900  30 32 30 32 30 30 38 31 30 35-37 36 30 30 00 00 00 00 00 35       02020081057600.....5
24920  39 36 30 30 00 00 00 00 00 35-37 35 30 30 00 00 00 00 00 35       9600.....57500.....5
24940  38 30 30 30 00 00 00 00 00 39-39 30 31 38 31 34 35 00 00 35       8000.....99018145..5
24960  37 38 34 30 30 37 36 32 33 39-39 35 00 00 00 00 00 30 32 30       784007623995.....020
24980  32 30 30 38 30 33 35 37 38 30-30 00 00 00 00 00 35 38 34 30       20080357800.....5840
25000  30 00 00 00 00 00 35 36 33 30-30 00 00 00 00 00 35 37 35 30       0.....56300.....5750
25020  30 00 00 00 00 00 39 38 36 39-35 39 33 31 00 00 35 36 36 35       0.....98695931..5665
25040  38 33 35 33 32 38 39 39 34 00-00 00 00 00 30 32 30 32 30 30       835328994.....020200
25060  37 32 37 35 34 33 30 30 00 00-00 00 00 36 30 34 30 30 00 00       72754300.....60400..
25080  00 00 00 35 34 33 30 30 00 00-00 00 00 35 37 39 30 30 00 00       ...54300.....57900..
25100  00 00 00 31 34 37 31 39 31 32-39 37 00 38 35 36 39 30 35 30       ...147191297.8569050
25120  33 35 32 30 37 30 00 00 00 00-00 30 32 30 32 30 30 37 32 30       352070.....020200720
25140  35 34 38 30 30 00 00 00 00 00-35 35 35 30 30 00 00 00 00 00       54800.....55500.....
25160  35 33 37 30 30 00 00 00 00 00-35 34 32 30 30 00 00 00 00 00       53700.....54200.....
25180  36 38 38 39 39 33 31 34 00 00-33 37 36 30 36 39 37 32 35 36       68899314..3760697256
25200  34 32 35 00 00 00 00 00 30 32-30 32 30 30 37 31 33 35 33 33       425.....020200713533
25220  30 30 00 00 00 00 00 35 35 30-30 30 00 00 00 00 00 35 33 31       00.....55000.....531
25240  30 30 00 00 00 00 00 35 34 34-30 30 00 00 00 00 00 37 37 34       00.....54400.....774
25260  33 36 34 32 33 00 00 34 31 39-34 31 33 30 39 37 39 30 36 36       36423..4194130979066
25280  00 00 00 00 00 30 32 30 32 30-30 37 30 36 35 34 30 30 30 00       .....02020070654000.
25300  00 00 00 00 35 35 39 30 30 00-00 00 00 00 35 32 33 30 30 00       ....55900.....52300.
25320  00 00 00 00 35 32 37 30 30 00-00 00 00 00 31 30 31 30 35 30       ....52700.....101050
25340  39 30 33 00 35 34 33 35 31 35-34 39 36 32 39 32 30 00 00 00       903.5435154962920...
25360  00 00 30 32 30 32 30 30 36 32-39 35 32 35 30 30 00 00 00 00       ..02020062952500....
25380  00 35 33 39 30 30 00 00 00 00-00 35 32 30 30 30 00 00 00 00       .53900.....52000....
25400  00 35 33 36 30 30 00 00 00 00-00 38 31 36 37 30 36 39 31 00       .53600.....81670691.
25420  00 34 33 32 34 34 35 37 31 38-31 32 38 30 00 00 00 00 00 30       .4324457181280.....0
25440  32 30 32 30 30 36 32 32 35 32-30 30 30 00 00 00 00 00 35 33       2020062252000.....53
25460  39 30 30 00 00 00 00 00 35 31-31 30 30 00 00 00 00 00 35 33       900.....51100.....53
25480  33 30 30 00 00 00 00 00 39 36-35 32 34 30 33 38 00 00 35 30       300.....96524038..50
25500  37 35 39 30 39 31 37 31 32 33-32 00 00 00 00 00 30 32 30 32       75909171232.....0202
25520  30 30 36 31 35 35 31 34 30 30-00 00 00 00 00 35 32 39 30 30       0061551400.....52900
25540  00 00 00 00 00 34 39 39 30 30-00 00 00 00 00 35 32 39 30 30       .....49900.....52900
25560  00 00 00 00 00 31 31 31 33 39-34 38 30 32 00 35 37 36 34 38       .....111394802.57648
25580  34 38 36 38 30 32 38 34 00 00-00 00 00 30 32 30 32 30 30 36       48680284.....0202006
25600  30 38 35 36 34 30 30 00 00 00-00 00 35 36 35 30 30 00 00 00       0856400.....56500...
25620  00 00 35 31 35 30 30 00 00 00-00 00 35 32 33 30 30 00 00 00       ..51500.....52300...
25640  00 00 31 32 37 31 36 37 34 33-31 00 36 39 31 35 33 36 36 38       ..127167431.69153668
25660  30 36 31 35 30 00 00 00 00 00-30 32 30 32 30 30 36 30 31 35       06150.....0202006015
25680  30 38 30 30 00 00 00 00 00 35-37 30 30 30 00 00 00 00 00 35       0800.....57000.....5
25700  30 36 30 30 00 00 00 00 00 35-35 35 30 30 00 00 00 00 00 31       0600.....55500.....1
25720  34 33 34 31 38 38 39 33 00 37-37 34 31 30 35 36 35 33 30 35       43418893.77410565305
25740  34 30 00 00 00 00 00 30 32 30-32 30 30 35 32 35 34 38 37 35       40.....0202005254875
25760  30 00 00 00 00 00 35 31 32 30-30 00 00 00 00 00 34 38 34 35       0.....51200.....4845
25780  30 00 00 00 00 00 35 30 37 30-30 00 00 00 00 00 31 30 37 39       0.....50700.....1079
25800  32 30 31 36 31 00 35 33 38 37-31 35 31 31 36 35 35 34 31 00       20161.5387151165541.
25820  00 00 00 00 30 32 30 32 30 30-35 31 38 34 37 39 35 30 00 00       ....02020051847950..
25840  00 00 00 35 30 35 30 30 00 00-00 00 00 34 37 36 30 30 00 00       ...50500.....47600..
25860  00 00 00 34 38 37 35 30 00 00-00 00 00 39 35 32 30 32 37 32       ...48750.....9520272
25880  35 00 00 34 37 31 35 32 36 39-36 31 33 35 37 37 00 00 00 00       5..4715269613577....
25900  00 30 32 30 32 30 30 35 31 31-34 38 39 30 30 00 00 00 00 00       .02020051148900.....
25920  34 39 32 35 30 00 00 00 00 00-34 37 32 30 30 00 00 00 00 00       49250.....47200.....
25940  34 37 38 35 30 00 00 00 00 00-39 37 37 38 33 37 30 32 00 00       47850.....97783702..
25960  34 36 39 37 39 34 33 37 36 38-38 34 35 00 00 00 00 00 30 32       4697943768845.....02
25980  30 32 30 30 35 30 34 34 38 39-30 30 00 00 00 00 00 34 39 33       020050448900.....493
26000  35 30 00 00 00 00 00 34 38 35-30 30 00 00 00 00 00 34 38 38       50.....48500.....488
26020  30 30 00 00 00 00 00 37 33 33-35 38 30 38 35 00 00 33 35 38       00.....73358085..358
26040  35 32 30 39 39 31 34 30 32 31-00 00 00 00 00 30 32 30 32 30       5209914021.....02020
26060  30 34 32 37 34 39 33 35 30 00-00 00 00 00 35 30 35 30 30 00       042749350.....50500.
26080  00 00 00 00 34 39 31 30 30 00-00 00 00 00 35 30 30 30 30 00       ....49100.....50000.
26100  00 00 00 00 34 35 37 34 39 34-30 33 00 00 32 32 37 38 31 39       ....45749403..227819
26120  37 38 32 36 35 36 32 00 00 00-00 00 30 32 30 32 30 30 34 32       7826562.....02020042
26140  30 35 31 34 30 30 00 00 00 00-00 35 31 34 30 30 00 00 00 00       051400.....51400....
26160  00 34 38 33 35 30 00 00 00 00-00 34 39 33 35 30 00 00 00 00       .48350.....49350....
26180  00 31 30 32 32 36 30 35 35 30-00 35 30 37 33 35 37 35 38 33       .102260550.507357583
26200  37 39 34 35 00 00 00 00 00 30-32 30 32 30 30 34 31 33 34 38       7945.....02020041348
26220  36 35 30 00 00 00 00 00 35 32-30 30 30 00 00 00 00 00 34 38       650.....52000.....48
26240  33 30 30 00 00 00 00 00 35 31-34 30 30 00 00 00 00 00 38 34       300.....51400.....84
26260  30 32 39 34 35 31 00 00 34 31-37 39 38 35 32 33 38 33 34 31       029451..417985238341
26280  38 00 00 00 00 00 30 32 30 32-30 30 34 30 36 34 37 35 30 30       8.....02020040647500
26300  00 00 00 00 00 35 30 32 30 30-00 00 00 00 00 34 37 32 35 30       .....50200.....47250
26320  00 00 00 00 00 34 39 32 35 30-00 00 00 00 00 31 32 30 33 39       .....49250.....12039
26340  37 32 34 33 00 35 38 39 39 30-37 34 38 34 33 34 32 38 00 00       7243.5899074843428..
26360  00 00 00 30 32 30 32 30 30 33-33 30 34 37 30 35 30 00 00 00       ...02020033047050...
26380  00 00 34 38 35 30 30 00 00 00-00 00 34 35 33 35 30 00 00 00       ..48500.....45350...
26400  00 00 34 37 30 30 30 00 00 00-00 00 31 32 39 31 31 36 39 34       ..47000.....12911694
26420  36 00 36 30 38 39 39 33 35 38-30 36 33 34 30 00 00 00 00 00       6.6089935806340.....
26440  30 32 30 32 30 30 33 32 33 34-32 36 30 30 00 00 00 00 00 34       02020032342600.....4
26460  39 37 30 30 00 00 00 00 00 34-32 34 30 30 00 00 00 00 00 34       9700.....42400.....4
26480  38 33 30 30 00 00 00 00 00 32-32 36 33 32 30 37 36 33 00 31       8300.....226320763.1
26500  30 35 37 32 30 32 31 39 32 30-36 31 37 00 00 00 00 30 32 30       0572021920617....020
26520  32 30 30 33 31 36 35 30 31 30-30 00 00 00 00 00 35 30 39 30       20031650100.....5090
26540  30 00 00 00 00 00 34 32 33 30-30 00 00 00 00 00 34 35 34 30       0.....42300.....4540
26560  30 00 00 00 00 00 32 33 31 33-36 36 31 31 36 00 31 30 37 33       0.....231366116.1073
26580  31 35 38 35 33 34 35 32 31 33-00 00 00 00 30 32 30 32 30 30       1585345213....020200
26600  33 30 39 35 34 37 30 30 00 00-00 00 00 35 35 30 30 30 00 00       30954700.....55000..
26620  00 00 00 34 36 38 35 30 00 00-00 00 00 34 39 39 35 30 00 00       ...46850.....49950..
26640  00 00 00 32 31 35 36 38 38 32-35 32 00 31 31 31 35 32 38 33       ...215688252.1115283
26660  33 39 33 34 36 39 31 00 00 00-00 30 32 30 32 30 30 33 30 32       3934691....020200302
26680  35 34 33 30 30 00 00 00 00 00-35 38 30 30 30 00 00 00 00 00       54300.....58000.....
26700  35 33 36 30 30 00 00 00 00 00-35 36 35 30 30 00 00 00 00 00       53600.....56500.....
26720  31 32 35 39 31 35 30 38 31 00-37 30 37 37 33 33 32 33 38 31       125915081.7077332381
26740  37 31 33 00 00 00 00 00 30 32-30 32 30 30 32 32 34 35 37 34       713.....020200224574
26760  30 30 00 00 00 00 00 35 38 31-30 30 00 00 00 00 00 35 34 32       00.....58100.....542
26780  30 30 00 00 00 00 00 35 34 32-30 30 00 00 00 00 00 31 32 38       00.....54200.....128
26800  32 35 39 38 31 35 00 37 32 32-33 38 36 33 32 34 37 33 37 32       259815.7223863247372
26820  00 00 00 00 00 30 32 30 32 30-30 32 31 37 36 31 36 30 30 00       .....02020021761600.
26840  00 00 00 00 36 32 30 30 30 00-00 00 00 00 35 38 35 30 30 00       ....62000.....58500.
26860  00 00 00 00 35 39 32 30 30 00-00 00 00 00 36 36 37 33 35 36       ....59200.....667356
26880  37 35 00 00 34 30 31 36 32 39-33 37 38 33 34 30 30 00 00 00       75..4016293783400...
26900  00 00 30 32 30 32 30 30 32 31-30 35 39 32 30 30 00 00 00 00       ..02020021059200....
26920  00 36 31 39 30 30 00 00 00 00-00 35 39 31 30 30 00 00 00 00       .61900.....59100....
26940  00 36 31 38 30 30 00 00 00 00-00 36 38 38 30 38 34 30 31 00       .61800.....68808401.
26960  00 34 31 36 33 36 36 37 33 32-35 32 36 30 00 00 00 00 00 30       .4163667325260.....0
26980  32 30 32 30 30 32 30 33 35 35-35 30 30 00 00 00 00 00 36 31       2020020355500.....61
27000  32 30 30 00 00 00 00 00 35 35-32 30 30 00 00 00 00 00 36 30       200.....55200.....60
27020  34 30 30 00 00 00 00 00 39 36-32 30 33 32 36 39 00 00 35 36       400.....96203269..56
27040  35 31 35 32 32 30 38 32 34 37-30 00 00 00 00 00 30 32 30 32       51522082470.....0202
27060  30 30 31 32 38 35 39 34 30 30-00 00 00 00 00 35 39 37 30 30       0012859400.....59700
27080  00 00 00 00 00 35 36 34 30 30-00 00 00 00 00 35 36 34 30 30       .....56400.....56400
27100  00 00 00 00 00 38 30 36 38 32-30 33 39 00 00 34 37 30 35 35       .....80682039..47055
27120  31 36 30 31 37 30 36 38 00 00-00 00 00 30 32 30 32 30 30 31       16017068.....0202001
27140  32 30 36 32 30 30 30 00 00 00-00 00 36 32 38 30 30 00 00 00       2062000.....62800...
27160  00 00 36 30 34 30 30 00 00 00-00 00 36 30 38 30 30 00 00 00       ..60400.....60800...
27180  00 00 35 33 39 32 37 36 36 38-00 00 33 33 32 34 32 34 31 33       ..53927668..33242413
27200  35 37 39 39 39 00 00 00 00 00-30 32 30 32 30 30 31 31 33 35       57999.....0202001135
27220  39 36 30 30 00 00 00 00 00 36-32 30 30 30 00 00 00 00 00 35       9600.....62000.....5
27240  38 39 30 30 00 00 00 00 00 36-31 33 30 30 00 00 00 00 00 37       8900.....61300.....7
27260  32 39 37 33 37 39 37 00 00 34-33 39 32 38 33 38 36 31 31 34       2973797..43928386114
27280  36 33 00 00 00 00 00 30 32 30-32 30 30 31 30 36 35 34 39 30       63.....0202001065490
27300  30 00 00 00 00 00 35 39 37 30-30 00 00 00 00 00 35 34 36 30       0.....59700.....5460
27320  30 00 00 00 00 00 35 39 35 30-30 00 00 00 00 00 38 33 38 39       0.....59500.....8389
27340  32 36 34 39 00 00 34 38 30 36-39 39 34 36 32 39 30 32 35 00       2649..4806994629025.
27360  00 00 00 00 30 32 30 31 39 31-32 33 30 35 36 32 30 30 00 00       ....02019123056200..
27380  00 00 00 35 36 36 30 30 00 00-00 00 00 35 34 39 30 30 00 00       ...56600.....54900..
27400  00 00 00 35 35 35 30 30 00 00-00 00 00 33 36 37 37 32 32 35       ...55500.....3677225
27420  30 00 00 32 30 34 37 37 39 39-37 30 37 38 39 32 00 00 00 00       0..2047799707892....
27440  00 30 32 30 31 39 31 32 32 33-35 36 31 30 30 00 00 00 00 00       .02019122356100.....
27460  35 36 39 30 30 00 00 00 00 00-35 34 34 30 30 00 00 00 00 00       56900.....54400.....
27480  35 36 35 30 30 00 00 00 00 00-34 33 36 36 35 38 30 35 00 00       56500.....43665805..
27500  32 34 32 34 32 38 36 36 39 31-33 32 38 00 00 00 00 00 30 32       2424286691328.....02
27520  30 31 39 31 32 31 36 35 34 35-30 30 00 00 00 00 00 35 37 33       019121654500.....573
27540  30 30 00 00 00 00 00 35 34 33-30 30 00 00 00 00 00 35 36 30       00.....54300.....560
27560  30 30 00 00 00 00 00 37 32 37-30 35 30 38 35 00 00 34 30 37       00.....72705085..407
27580  32 36 35 39 35 37 35 33 33 32-00 00 00 00 00 30 32 30 31 39       2659575332.....02019
27600  31 32 30 39 35 30 39 30 30 00-00 00 00 00 35 34 38 30 30 00       120950900.....54800.
27620  00 00 00 00 35 30 37 30 30 00-00 00 00 00 35 34 37 30 30 00       ....50700.....54700.
27640  00 00 00 00 37 34 30 33 31 38-37 37 00 00 33 39 31 34 31 34       ....74031877..391414
27660  31 35 32 39 35 32 38 00 00 00-00 00 30 32 30 31 39 31 32 30       1529528.....02019120
27680  32 35 30 39 30 30 00 00 00 00-00 35 31 33 30 30 00 00 00 00       250900.....51300....
27700  00 34 39 30 30 30 00 00 00 00-00 35 30 34 30 30 00 00 00 00       .49000.....50400....
27720  00 36 36 30 34 37 38 39 31 00-00 33 32 39 37 33 35 34 31 30       .66047891..329735410
27740  32 35 39 34 00 00 00 00 00 30-32 30 31 39 31 31 32 35 35 32       2594.....02019112552
27760  32 30 30 00 00 00 00 00 35 32-39 30 30 00 00 00 00 00 35 30       200.....52900.....50
27780  32 30 30 00 00 00 00 00 35 30-33 30 30 00 00 00 00 00 36 31       200.....50300.....61
27800  39 38 32 33 33 31 00 00 33 32-30 37 31 39 31 36 37 30 36 36       982331..320719167066
27820  34 00 00 00 00 00 30 32 30 31-39 31 31 31 38 35 33 36 30 30       4.....02019111853600
27840  00 00 00 00 00 35 33 38 30 30-00 00 00 00 00 35 30 36 30 30       .....53800.....50600
27860  00 00 00 00 00 35 31 36 30 30-00 00 00 00 00 35 31 39 39 30       .....51600.....51990
27880  37 35 37 00 00 32 37 31 31 35-30 30 37 33 36 31 33 38 00 00       757..2711500736138..
27900  00 00 00 30 32 30 31 39 31 31-31 31 35 32 32 30 30 00 00 00       ...02019111152200...
27920  00 00 35 33 37 30 30 00 00 00-00 00 35 31 34 30 30 00 00 00       ..53700.....51400...
27940  00 00 35 33 37 30 30 00 00 00-00 00 34 32 37 30 30 36 37 34       ..53700.....42700674
27960  00 00 32 32 34 31 33 30 32 38-38 37 30 36 38 00 00 00 00 00       ..2241302887068.....
27980  30 32 30 31 39 31 31 30 34 35-31 37 30 30 00 00 00 00 00 35       02019110451700.....5
28000  33 35 30 30 00 00 00 00 00 35-31 34 30 30 00 00 00 00 00 35       3500.....51400.....5
28020  32 31 30 30 00 00 00 00 00 35-38 38 31 34 39 38 34 00 00 33       2100.....58814984..3
28040  30 39 34 32 31 31 38 31 39 31-32 33 00 00 00 00 00 30 32 30       094211819123.....020
28060  31 39 31 30 32 38 35 30 37 30-30 00 00 00 00 00 35 31 37 30       19102850700.....5170
28080  30 00 00 00 00 00 35 30 32 30-30 00 00 00 00 00 35 31 32 30       0.....50200.....5120
28100  30 00 00 00 00 00 34 31 37 34-35 32 30 39 00 00 32 31 31 37       0.....41745209..2117
28120  32 35 39 31 33 39 39 33 35 00-00 00 00 00 30 32 30 31 39 31       259139935.....020191
28140  30 32 31 34 39 39 30 30 00 00-00 00 00 35 32 35 30 30 00 00       02149900.....52500..
28160  00 00 00 34 39 38 30 30 00 00-00 00 00 35 30 39 30 30 00 00       ...49800.....50900..
28180  00 00 00 35 33 30 33 34 38 32-32 00 00 32 36 39 39 37 31 30       ...53034822..2699710
28200  30 34 30 34 36 31 00 00 00 00-00 30 32 30 31 39 31 30 31 34       040461.....020191014
28220  35 30 30 30 30 00 00 00 00 00-35 30 39 30 30 00 00 00 00 00       50000.....50900.....
28240  34 39 36 35 30 00 00 00 00 00-34 39 39 30 30 00 00 00 00 00       49650.....49900.....
28260  34 31 35 30 39 35 30 38 00 00-32 30 38 38 32 37 33 33 39 33       41509508..2088273393
28280  34 35 34 00 00 00 00 00 30 32-30 31 39 31 30 30 37 34 38 33       454.....020191007483
28300  35 30 00 00 00 00 00 34 39 34-35 30 00 00 00 00 00 34 37 36       50.....49450.....476
28320  30 30 00 00 00 00 00 34 39 31-35 30 00 00 00 00 00 34 37 37       00.....49150.....477
28340  30 39 37 37 30 00 00 32 33 31-35 34 31 33 35 37 31 33 39 35       09770..2315413571395
28360  00 00 00 00 00 30 32 30 31 39-30 39 33 30 34 38 30 35 30 00       .....02019093048050.
28380  00 00 00 00 34 39 32 35 30 00-00 00 00 00 34 37 33 35 30 00       ....49250.....47350.
28400  00 00 00 00 34 38 30 30 30 00-00 00 00 00 33 33 34 31 37 33       ....48000.....334173
28420  31 32 00 00 31 36 31 36 31 39-33 30 33 37 37 35 37 00 00 00       12..1616193037757...
28440  00 00 30 32 30 31 39 30 39 32-33 34 39 32 35 30 00 00 00 00       ..02019092349250....
28460  00 34 39 36 35 30 00 00 00 00-00 34 38 30 30 30 00 00 00 00       .49650.....48000....
28480  00 34 38 34 30 30 00 00 00 00-00 34 31 31 37 30 34 34 36 00       .48400.....41170446.
28500  00 32 30 31 36 38 31 33 30 36-34 35 39 32 00 00 00 00 00 30       .2016813064592.....0
28520  32 30 31 39 30 39 31 36 34 37-30 30 30 00 00 00 00 00 34 39       2019091647000.....49
28540  36 30 30 00 00 00 00 00 34 36-34 30 30 00 00 00 00 00 34 39       600.....46400.....49
28560  32 30 30 00 00 00 00 00 36 34-38 39 31 38 35 36 00 00 33 31       200.....64891856..31
28580  31 37 33 38 37 33 39 35 38 38-34 00 00 00 00 00 30 32 30 31       17387395884.....0201
28600  39 30 39 30 39 34 36 34 35 30-00 00 00 00 00 34 37 34 30 30       9090946450.....47400
28620  00 00 00 00 00 34 36 33 30 30-00 00 00 00 00 34 37 31 35 30       .....46300.....47150
28640  00 00 00 00 00 33 34 38 30 37-35 36 38 00 00 31 36 33 35 39       .....34807568..16359
28660  36 38 34 31 30 35 33 32 00 00-00 00 00 30 32 30 31 39 30 39       68410532.....0201909
28680  30 32 34 34 38 35 30 00 00 00-00 00 34 36 35 30 30 00 00 00       0244850.....46500...
28700  00 00 34 33 31 30 30 00 00 00-00 00 34 36 33 30 30 00 00 00       ..43100.....46300...
28720  00 00 35 37 35 39 36 33 30 37-00 00 32 35 37 31 35 31 37 30       ..57596307..25715170
28740  36 34 31 39 30 00 00 00 00 00-30 32 30 31 39 30 38 32 36 34       64190.....0201908264
28760  33 30 35 30 00 00 00 00 00 34-34 34 30 30 00 00 00 00 00 34       3050.....44400.....4
28780  32 39 35 30 00 00 00 00 00 34-34 30 30 30 00 00 00 00 00 35       2950.....44000.....5
28800  31 32 36 35 31 34 39 00 00 32-32 34 38 32 31 39 30 37 38 37       1265149..22482190787
28820  36 37 00 00 00 00 00 30 32 30-31 39 30 38 31 39 34 34 33 35       67.....0201908194435
28840  30 00 00 00 00 00 34 34 38 30-30 00 00 00 00 00 34 33 35 30       0.....44800.....4350
28860  30 00 00 00 00 00 34 33 39 35-30 00 00 00 00 00 33 34 30 39       0.....43950.....3409
28880  38 36 39 38 00 00 31 35 30 34-32 30 30 32 31 35 38 36 30 00       8698..1504200215860.
28900  00 00 00 00 30 32 30 31 39 30-38 31 32 34 34 30 30 30 00 00       ....02019081244000..
28920  00 00 00 34 34 32 35 30 00 00-00 00 00 34 32 39 35 30 00 00       ...44250.....42950..
28940  00 00 00 34 33 39 30 30 00 00-00 00 00 33 34 30 32 31 33 39       ...43900.....3402139
28960  38 00 00 31 34 38 34 33 34 31-32 37 34 37 34 36 00 00 00 00       8..1484341274746....
28980  00 30 32 30 31 39 30 38 30 35-34 34 33 35 30 00 00 00 00 00       .02019080544350.....
29000  34 34 36 30 30 00 00 00 00 00-34 32 35 30 30 00 00 00 00 00       44600.....42500.....
29020  34 33 31 35 30 00 00 00 00 00-36 35 39 31 32 34 37 31 00 00       43150.....65912471..
29040  32 38 36 32 30 34 33 34 35 31-34 39 30 00 00 00 00 00 30 32       2862043451490.....02
29060  30 31 39 30 37 32 39 34 36 38-30 30 00 00 00 00 00 34 37 30       019072946800.....470
29080  35 30 00 00 00 00 00 34 34 33-30 30 00 00 00 00 00 34 34 39       50.....44300.....449
29100  35 30 00 00 00 00 00 34 35 32-34 33 33 33 31 00 00 32 30 36       50.....45243331..206
29120  31 34 35 32 32 38 31 38 37 39-00 00 00 00 00 30 32 30 31 39       1452281879.....02019
29140  30 37 32 32 34 36 38 30 30 00-00 00 00 00 34 37 35 35 30 00       072246800.....47550.
29160  00 00 00 00 34 36 32 35 30 00-00 00 00 00 34 37 31 35 30 00       ....46250.....47150.
29180  00 00 00 00 34 33 31 30 39 37-33 36 00 00 32 30 32 37 37 30       ....43109736..202770
29200  36 35 30 31 37 37 35 00 00 00-00 00 30 32 30 31 39 30 37 31       6501775.....02019071
29220  35 34 35 39 35 30 00 00 00 00-00 34 36 39 35 30 00 00 00 00       545950.....46950....
29240  00 34 35 36 35 30 00 00 00 00-00 34 36 38 30 30 00 00 00 00       .45650.....46800....
29260  00 33 31 33 30 34 35 39 39 00-00 31 34 35 34 34 34 39 38 39       .31304599..145444989
29280  30 32 33 32 00 00 00 00 00 30-32 30 31 39 30 37 30 38 34 34       0232.....02019070844
29300  37 35 30 00 00 00 00 00 34 36-35 35 30 00 00 00 00 00 34 34       750.....46550.....44
29320  33 35 30 00 00 00 00 00 34 36-33 30 30 00 00 00 00 00 34 30       350.....46300.....40
29340  39 35 39 37 34 39 00 00 31 38-36 38 39 38 35 37 33 34 36 36       959749..186898573466
29360  38 00 00 00 00 00 30 32 30 31-39 30 37 30 31 34 37 33 35 30       8.....02019070147350
29380  00 00 00 00 00 34 37 34 30 30-00 00 00 00 00 34 35 32 30 30       .....47400.....45200
29400  00 00 00 00 00 34 35 36 35 30-00 00 00 00 00 34 33 31 31 36       .....45650.....43116
29420  39 33 31 00 00 31 39 38 36 35-38 32 31 30 32 35 31 30 00 00       931..1986582102510..
29440  00 00 00 30 32 30 31 39 30 36-32 34 34 35 32 30 30 00 00 00       ...02019062445200...
29460  00 00 34 37 30 30 30 00 00 00-00 00 34 35 32 30 30 00 00 00       ..47000.....45200...
29480  00 00 34 37 30 30 30 00 00 00-00 00 34 37 39 34 30 37 30 32       ..47000.....47940702
29500  00 00 32 32 31 32 31 37 33 35-33 33 39 32 37 00 00 00 00 00       ..2212173533927.....
29520  30 32 30 31 39 30 36 31 37 34-33 37 35 30 00 00 00 00 00 34       02019061743750.....4
29540  35 38 30 30 00 00 00 00 00 34-33 34 30 30 00 00 00 00 00 34       5800.....43400.....4
29560  35 37 30 30 00 00 00 00 00 34-36 39 30 35 37 34 30 00 00 32       5700.....46905740..2
29580  31 30 31 30 30 30 32 36 33 38-37 35 00 00 00 00 00 30 32 30       101000263875.....020
29600  31 39 30 36 31 30 34 34 33 30-30 00 00 00 00 00 34 35 30 35       19061044300.....4505
29620  30 00 00 00 00 00 34 33 33 30-30 00 00 00 00 00 34 34 30 30       0.....43300.....4400
29640  30 00 00 00 00 00 35 30 32 39-33 39 30 37 00 00 32 32 32 34       0.....50293907..2224
29660  32 36 33 38 33 31 32 33 36 00-00 00 00 00 30 32 30 31 39 30       263831236.....020190
29680  36 30 33 34 32 39 35 30 00 00-00 00 00 34 34 33 35 30 00 00       60342950.....44350..
29700  00 00 00 34 32 35 30 30 00 00-00 00 00 34 34 32 30 30 00 00       ...42500.....44200..
29720  00 00 00 34 39 35 32 37 38 39-34 00 00 32 31 36 34 38 39 38       ...49527894..2164898
29740  39 32 36 32 35 33 00 00 00 00-00 30 32 30 31 39 30 35 32 37       926253.....020190527
29760  34 32 35 30 30 00 00 00 00 00-34 33 30 30 30 00 00 00 00 00       42500.....43000.....
29780  34 31 33 30 30 00 00 00 00 00-34 32 35 30 30 00 00 00 00 00       41300.....42500.....
29800  37 30 36 33 36 31 38 35 00 00-32 39 39 33 30 31 38 36 37 34       70636185..2993018674
29820  35 30 38 00 00 00 00 00 30 32-30 31 39 30 35 32 30 34 31 36       508.....020190520416
29840  35 30 00 00 00 00 00 34 34 30-30 30 00 00 00 00 00 34 31 35       50.....44000.....415
29860  35 30 00 00 00 00 00 34 32 37-30 30 00 00 00 00 00 37 31 38       50.....42700.....718
29880  32 33 31 38 30 00 00 33 30 38-38 31 37 30 34 30 38 38 32 36       23180..3088170408826
29900  00 00 00 00 00 30 32 30 31 39-30 35 31 33 34 32 35 30 30 00       .....02019051342500.
29920  00 00 00 00 34 33 32 30 30 00-00 00 00 00 34 30 38 35 30 00       ....43200.....40850.
29940  00 00 00 00 34 31 32 30 30 00-00 00 00 00 35 33 39 31 34 37       ....41200.....539147
29960  37 33 00 00 32 32 37 32 35 39-32 30 36 38 39 38 32 00 00 00       73..2272592068982...
29980  00 00 30 32 30 31 39 30 35 30-37 34 35 32 35 30 00 00 00 00       ..02019050745250....
30000  00 34 35 33 30 30 00 00 00 00-00 34 32 34 35 30 00 00 00 00       .45300.....42450....
30020  00 34 32 39 30 30 00 00 00 00-00 36 30 30 32 32 38 39 31 00       .42900.....60022891.
30040  00 32 36 31 38 34 39 36 39 34-39 32 33 35 00 00 00 00 00 30       .2618496949235.....0
30060  32 30 31 39 30 34 32 39 34 35-31 35 30 00 00 00 00 00 34 36       2019042945150.....46
30080  33 30 30 00 00 00 00 00 34 35-31 30 30 00 00 00 00 00 34 35       300.....45100.....45
30100  33 30 30 00 00 00 00 00 33 35-30 38 36 38 33 32 00 00 31 36       300.....35086832..16
30120  30 35 32 31 35 39 38 36 33 35-30 00 00 00 00 00 30 32 30 31       05215986350.....0201
30140  39 30 34 32 32 34 35 34 30 30-00 00 00 00 00 34 35 39 30 30       9042245400.....45900
30160  00 00 00 00 00 34 33 38 30 30-00 00 00 00 00 34 34 38 35 30       .....43800.....44850
30180  00 00 00 00 00 34 36 38 33 35-37 33 37 00 00 32 30 39 39 37       .....46835737..20997
30200  39 32 30 38 34 31 32 36 00 00-00 00 00 30 32 30 31 39 30 34       92084126.....0201904
30220  31 35 34 37 31 35 30 00 00 00-00 00 34 37 36 30 30 00 00 00       1547150.....47600...
30240  00 00 34 35 32 35 30 00 00 00-00 00 34 35 33 30 30 00 00 00       ..45250.....45300...
30260  00 00 34 33 32 36 36 30 31 35-00 00 32 30 31 32 35 35 38 31       ..43266015..20125581
30280  33 30 33 38 30 00 00 00 00 00-30 32 30 31 39 30 34 30 38 34       30380.....0201904084
30300  37 32 35 30 00 00 00 00 00 34-37 32 35 30 00 00 00 00 00 34       7250.....47250.....4
30320  36 30 30 30 00 00 00 00 00 34-36 38 35 30 00 00 00 00 00 34       6000.....46850.....4
30340  38 36 33 37 30 30 30 00 00 32-32 36 30 35 39 39 34 30 30 38       8637000..22605994008
30360  37 31 00 00 00 00 00 30 32 30-31 39 30 34 30 31 34 35 32 30       71.....0201904014520
30380  30 00 00 00 00 00 34 37 35 35-30 00 00 00 00 00 34 34 38 35       0.....47550.....4485
30400  30 00 00 00 00 00 34 36 38 35-30 00 00 00 00 00 35 30 34 37       0.....46850.....5047
30420  35 38 39 34 00 00 32 33 33 35-35 39 35 38 35 33 33 32 38 00       5894..2335595853328.
30440  00 00 00 00 30 32 30 31 39 30-33 32 35 34 35 33 30 30 00 00       ....02019032545300..
30460  00 00 00 34 35 37 30 30 00 00-00 00 00 34 34 32 30 30 00 00       ...45700.....44200..
30480  00 00 00 34 34 36 35 30 00 00-00 00 00 34 36 33 31 30 36 33       ...44650.....4631063
30500  39 00 00 32 30 38 32 39 35 38-31 36 31 30 34 39 00 00 00 00       9..2082958161049....
30520  00 30 32 30 31 39 30 33 31 38-34 33 39 35 30 00 00 00 00 00       .02019031843950.....
30540  34 37 30 30 30 00 00 00 00 00-34 33 31 30 30 00 00 00 00 00       47000.....43100.....
30560  34 36 35 35 30 00 00 00 00 00-35 39 33 31 38 36 30 38 00 00       46550.....59318608..
30580  32 36 36 39 38 36 35 37 37 37-33 33 38 00 00 00 00 00 30 32       2669865777338.....02
30600  30 31 39 30 33 31 31 34 34 34-30 30 00 00 00 00 00 34 34 39       019031144400.....449
30620  35 30 00 00 00 00 00 34 33 35-35 30 00 00 00 00 00 34 34 32       50.....43550.....442
30640  30 30 00 00 00 00 00 36 35 31-31 31 30 35 32 00 00 32 38 36       00.....65111052..286
30660  37 31 30 33 36 37 32 30 32 35-00 00 00 00 00 30 32 30 31 39       7103672025.....02019
30680  30 33 30 34 34 36 30 30 30 00-00 00 00 00 34 36 31 30 30 00       030446000.....46100.
30700  00 00 00 00 34 33 34 30 30 00-00 00 00 00 34 33 38 30 30 00       ....43400.....43800.
30720  00 00 00 00 35 32 35 32 30 33-30 36 00 00 32 33 33 35 37 38       ....52520306..233578
30740  30 34 37 35 36 37 34 00 00 00-00 00 30 32 30 31 39 30 32 32       0475674.....02019022
30760  35 34 37 34 30 30 00 00 00 00-00 34 37 35 35 30 00 00 00 00       547400.....47550....
30780  00 34 35 31 30 30 00 00 00 00-00 34 35 31 30 30 00 00 00 00       .45100.....45100....
30800  00 34 37 30 38 34 37 39 35 00-00 32 31 37 39 37 32 33 38 39       .47084795..217972389
30820  32 31 32 34 00 00 00 00 00 30-32 30 31 39 30 32 31 38 34 36       2124.....02019021846
30840  35 30 30 00 00 00 00 00 34 37-32 30 30 00 00 00 00 00 34 35       500.....47200.....45
30860  34 35 30 00 00 00 00 00 34 37-31 35 30 00 00 00 00 00 34 32       450.....47150.....42
30880  30 32 31 36 32 34 00 00 31 39-35 36 36 36 33 34 39 34 30 37       021624..195666349407
30900  37 00 00 00 00 00 30 32 30 31-39 30 32 31 31 34 34 35 30 30       7.....02019021144500
30920  00 00 00 00 00 34 37 35 30 30-00 00 00 00 00 34 34 32 35 30       .....47500.....44250
30940  00 00 00 00 00 34 36 30 35 30-00 00 00 00 00 36 33 34 32 33       .....46050.....63423
30960  31 33 33 00 00 32 39 31 39 39-30 37 36 35 35 30 35 30 00 00       133..2919907655050..
30980  00 00 00 30 32 30 31 39 30 32-30 37 34 36 38 30 30 00 00 00       ...02019020746800...
31000  00 00 34 37 31 30 30 00 00 00-00 00 34 34 36 35 30 00 00 00       ..47100.....44650...
31020  00 00 34 34 38 30 30 00 00 00-00 00 32 38 35 36 31 31 39 37       ..44800.....28561197
31040  00 00 31 33 31 30 32 31 37 37-36 36 33 36 36 00 00 00 00 00       ..1310217766366.....
31060  30 32 30 31 39 30 31 32 38 34-35 30 30 30 00 00 00 00 00 34       02019012845000.....4
31080  37 30 35 30 00 00 00 00 00 34-34 33 35 30 00 00 00 00 00 34       7050.....44350.....4
31100  36 33 35 30 00 00 00 00 00 38-37 31 37 33 35 31 30 00 00 33       6350.....87173510..3
31120  39 39 35 36 38 34 30 30 35 39-35 39 00 00 00 00 00 30 32 30       995684005959.....020
31140  31 39 30 31 32 31 34 32 37 30-30 00 00 00 00 00 34 34 37 35       19012142700.....4475
31160  30 00 00 00 00 00 34 31 33 35-30 00 00 00 00 00 34 34 37 35       0.....41350.....4475
31180  30 00 00 00 00 00 36 39 39 32-38 31 35 34 00 00 33 30 30 37       0.....69928154..3007
31200  33 38 39 37 39 36 33 30 30 00-00 00 00 00 30                      389796300.....0     
