<<<<<<<<<<<<<<<<<<<< [Receive Data 31215 Bytes][[ 13:16:35:117 ]][Win 72][Unit 254] >>>>>>>>>>>>>>>>>>>> 
00000  26 00 00 48 FE 00 00 32 30 30-30 70 69 62 66 30 30 31 31 33       &..H...2000pibf00113
00020  31 31 39 31 70 69 62 66 30 30-31 31 31 20 20 20 20 20 20 20       1191pibf00111       
00040  20 20 20 20 20 20 20 20 20 20-20 20 20 20 20 20 20 20 20 20                           
00060  20 20 20 20 20 20 20 20 30 30-30 33 31 34 C1 B6 C8 B8 C1 D6               000314조회주
00080  B1 E2 3D 33 3B B8 B6 C4 CF B1-B8 BA D0 3D C1 D6 BD C4 3B C1       기=3;마켓구분=주식;.
00100  BE B8 F1 C4 DA B5 E5 3D 4D 2E-41 30 30 35 39 33 30 3B C1 BE       씀紂湄.=M.A005930;종
00120  B8 F1 B8 ED 3D 20 BB EF BC BA-C0 FC C0 DA 20 20 20 20 20 20       목명= 삼성전자      
00140  20 20 20 20 20 20 20 20 20 20-20 20 20 20 20 20 20 20 20 20                           
00160  20 20 20 20 20 3B BD C3 B0 A1-3D 31 32 30 30 30 30 30 3B B0            ;시가=1200000;.
00180  ED B0 A1 3D 31 36 34 30 30 30-30 3B C0 FA B0 A1 3D 38 38 34       恣.=1640000;저가=884
00200  30 30 30 3B C7 F6 C0 E7 B0 A1-3D 39 36 35 30 30 30 3B B4 A9       000;현재가=965000;누
00220  C0 FB B0 C5 B7 A1 B7 AE 3D 31-34 33 35 32 3B B4 A9 C0 FB B0       적거래량=14352;누적.
00240  C5 B7 A1 B4 EB B1 DD 3D 36 31-38 31 30 37 33 34 30 38 3B C0       킹〈諭.=6181073408;.
00260  FC C0 CF C1 BE B0 A1 3D 31 32-36 32 30 30 30 3B C0 FC C0 CF       活舊쒼.=1262000;전일
00280  B0 C5 B7 A1 B7 AE 3D 33 30 38-33 35 32 31 3B B1 E2 C1 D8 B0       거래량=3083521;기준.
00300  A1 3D 31 32 36 32 30 30 30 3B-B0 C5 B7 A1 BD C3 C0 DB BD C3       .=1262000;거래시작시
00320  B0 A3 3D 30 38 30 30 30 30 3B-B0 C5 B7 A1 C1 BE B7 E1 BD C3       간=080000;거래종료시
00340  B0 A3 3D 32 30 30 30 30 30 3B-C0 E5 B1 B8 BA D0 3D 30 3B BB       간=200000;장구분=0;.
00360  F3 C7 D1 B0 A1 3D 31 36 34 30-30 30 30 3B C7 CF C7 D1 B0 A1       贊璣.=1640000;하한가
00380  3D 38 38 34 30 30 30 3B 32 30-31 38 30 31 31 35 30 30 30 32       =884000;201801150002
00400  30 30 00 00 00 00 00 00 00 00-00 30 34 30 30 32 30 32 36 30       00.........040020260
00420  39 30 37 38 33 33 30 30 30 00-00 00 00 31 36 34 30 30 30 30       907833000....1640000
00440  00 00 00 36 34 32 30 30 30 00-00 00 00 39 36 35 30 30 30 00       ...642000....965000.
00460  00 00 00 31 37 32 30 31 35 38-34 00 00 31 36 34 30 35 36 36       ...17201584..1640566
00480  35 35 38 32 37 30 38 00 00 00-00 30 32 30 32 36 30 38 33 31       5582708....020260831
00500  34 31 37 35 30 30 00 00 00 00-31 30 38 36 30 30 30 00 00 00       417500....1086000...
00520  32 39 32 35 30 30 00 00 00 00-38 33 33 30 30 30 00 00 00 00       292500....833000....
00540  36 35 36 35 30 35 33 00 00 00-34 38 32 38 32 38 38 39 38 38       6565053...4828288988
00560  30 30 30 00 00 00 00 00 30 32-30 32 36 30 38 32 34 32 32 37       000.....020260824227
00580  30 30 30 00 00 00 00 35 33 38-30 30 30 00 00 00 00 31 35 39       000....538000....159
00600  30 30 30 00 00 00 00 34 31 34-35 30 30 00 00 00 00 38 38 34       000....414500....884
00620  38 38 31 36 00 00 00 32 35 35-30 38 35 34 31 32 38 30 35 30       8816...2550854128050
00640  00 00 00 00 00 30 32 30 32 36-30 38 31 38 32 37 34 35 30 30       .....020260818274500
00660  00 00 00 00 33 35 37 35 30 30-00 00 00 00 31 35 37 34 30 30       ....357500....157400
00680  00 00 00 00 32 32 34 35 30 30-00 00 00 00 32 39 31 30 36 35       ....224500....291065
00700  35 35 00 00 37 38 34 30 30 37-39 37 35 33 32 30 30 00 00 00       55..7840079753200...
00720  00 00 30 32 30 32 36 30 38 31-30 32 33 34 35 30 30 00 00 00       ..020260810234500...
00740  00 32 37 38 30 30 30 00 00 00-00 32 32 34 30 30 30 00 00 00       .278000....224000...
00760  00 32 37 34 35 30 30 00 00 00-00 32 30 37 30 37 33 30 39 36       .274500....207073096
00780  00 35 32 37 31 36 38 38 30 38-34 32 35 36 31 00 00 00 00 30       .52716880842561....0
00800  32 30 32 36 30 38 30 33 32 35-39 30 30 30 00 00 00 00 32 36       20260803259000....26
00820  32 35 30 30 00 00 00 00 32 32-37 35 30 30 00 00 00 00 32 33       2500....227500....23
00840  35 30 30 30 00 00 00 00 31 39-37 35 32 30 39 34 33 00 34 37       5000....197520943.47
00860  33 36 37 31 38 33 33 33 35 36-35 34 00 00 00 00 30 32 30 32       367183335654....0202
00880  36 30 37 32 37 32 35 35 30 30-30 00 00 00 00 32 36 37 30 30       60727255000....26700
00900  30 00 00 00 00 31 38 39 32 30-30 00 00 00 00 32 35 39 30 30       0....189200....25900
00920  30 00 00 00 00 34 31 35 38 32-32 34 38 30 00 36 39 38 38 33       0....415822480.69883
00940  38 39 34 32 34 38 38 39 37 00-00 00 00 30 32 30 32 36 30 37       894248897....0202607
00960  32 30 32 34 35 35 30 30 00 00-00 00 32 37 36 30 30 30 00 00       20245500....276000..
00980  00 00 32 33 38 35 30 30 00 00-00 00 32 35 32 35 30 30 00 00       ..238500....252500..
01000  00 00 31 39 33 37 33 34 31 36-33 00 35 30 30 32 34 31 31 38       ..193734163.50024118
01020  36 39 30 33 30 34 00 00 00 00-30 32 30 32 36 30 37 31 33 32       690304....0202607132
01040  38 35 30 30 30 00 00 00 00 32-39 32 35 30 30 00 00 00 00 32       85000....292500....2
01060  34 30 30 30 30 00 00 00 00 32-35 33 35 30 30 00 00 00 00 32       40000....253500....2
01080  32 31 38 37 37 31 34 31 00 35-38 36 32 30 39 31 37 38 37 31       21877141.58620917871
01100  31 38 32 00 00 00 00 30 32 30-32 36 30 37 30 36 33 31 35 35       182....0202607063155
01120  30 30 00 00 00 00 33 32 35 30-30 30 00 00 00 00 32 36 32 30       00....325000....2620
01140  30 30 00 00 00 00 32 38 36 35-30 30 00 00 00 00 32 36 30 39       00....286500....2609
01160  30 39 32 38 39 00 37 36 31 33-39 38 39 33 32 33 32 33 31 38       09289.76139893232318
01180  00 00 00 00 30 32 30 32 36 30-36 32 39 33 33 37 30 30 30 00       ....020260629337000.
01200  00 00 00 33 34 35 30 30 30 00-00 00 00 32 37 38 30 30 30 00       ...345000....278000.
01220  00 00 00 33 31 34 35 30 30 00-00 00 00 32 36 39 34 32 32 31       ...314500....2694221
01240  31 37 00 38 33 39 39 36 34 33-38 32 35 38 36 31 37 00 00 00       17.83996438258617...
01260  00 30 32 30 32 36 30 36 32 32-33 35 31 30 30 30 00 00 00 00       .020260622351000....
01280  33 36 39 35 30 30 00 00 00 00-33 30 30 35 30 30 00 00 00 00       369500....300500....
01300  33 33 39 30 30 30 00 00 00 00-33 33 31 34 30 32 33 37 36 00       339000....331402376.
01320  36 38 37 33 33 31 36 38 35 37-31 39 35 35 00 00 00 00 30 32       68733168571955....02
01340  30 32 36 30 36 31 35 33 33 37-35 30 30 00 00 00 00 33 38 30       0260615337500....380
01360  30 30 30 00 00 00 00 33 33 31-30 30 30 00 00 00 00 33 35 30       000....331000....350
01380  35 30 30 00 00 00 00 32 34 37-33 39 37 30 31 39 00 37 34 32       500....247397019.742
01400  39 31 37 30 39 39 32 32 39 37-32 00 00 00 00 30 32 30 32 36       91709922972....02026
01420  30 36 30 38 33 30 34 35 30 30-00 00 00 00 33 33 39 30 30 30       0608304500....339000
01440  00 00 00 00 32 38 33 30 30 30-00 00 00 00 33 32 34 35 30 30       ....283000....324500
01460  00 00 00 00 32 38 38 39 37 34-39 31 37 00 37 38 31 32 36 32       ....288974917.781262
01480  37 39 30 38 39 31 38 34 00 00-00 00 30 32 30 32 36 30 36 30       79089184....02026060
01500  31 33 31 38 30 30 30 00 00 00-00 33 37 37 30 30 30 00 00 00       1318000....377000...
01520  00 33 31 31 30 30 30 00 00 00-00 33 32 39 30 30 30 00 00 00       .311000....329000...
01540  00 32 39 31 34 35 36 33 37 39-00 36 34 31 32 30 33 39 32 30       .291456379.641203920
01560  39 36 37 35 32 00 00 00 00 30-32 30 32 36 30 35 32 36 32 39       96752....02026052629
01580  37 30 30 30 00 00 00 00 33 33-30 30 30 30 00 00 00 00 32 34       7000....330000....24
01600  30 30 30 30 00 00 00 00 33 31-38 35 30 30 00 00 00 00 32 32       0000....318500....22
01620  36 37 30 39 33 39 38 00 35 39-38 30 32 32 30 33 38 36 36 34       6709398.598022038664
01640  32 30 00 00 00 00 30 32 30 32-36 30 35 31 38 32 37 30 35 30       20....02026051827050
01660  30 00 00 00 00 33 30 33 35 30-30 00 00 00 00 32 36 32 30 30       0....303500....26200
01680  30 00 00 00 00 32 39 33 30 30-30 00 00 00 00 32 39 38 33 38       0....293000....29838
01700  39 34 35 32 00 37 33 35 31 33-35 32 31 35 36 31 34 32 34 00       9452.73513521561424.
01720  00 00 00 30 32 30 32 36 30 35-31 31 32 38 35 30 30 30 00 00       ...020260511285000..
01740  00 00 32 39 39 35 30 30 00 00-00 00 32 36 32 30 30 30 00 00       ..299500....262000..
01760  00 00 32 37 33 35 30 30 00 00-00 00 33 35 39 30 30 36 36 35       ..273500....35900665
01780  31 00 38 30 38 37 31 38 33 30-38 31 33 33 38 35 00 00 00 00       1.80871830813385....
01800  30 32 30 32 36 30 35 30 34 32-32 33 35 30 30 00 00 00 00 32       020260504223500....2
01820  38 39 30 30 30 00 00 00 00 32-32 33 35 30 30 00 00 00 00 32       89000....223500....2
01840  37 36 35 30 30 00 00 00 00 32-38 35 37 30 34 32 34 32 00 35       76500....285704242.5
01860  31 36 37 33 34 38 37 31 32 32-37 38 32 00 00 00 00 30 32 30       1673487122782....020
01880  32 36 30 34 32 37 32 32 30 30-30 30 00 00 00 00 32 33 30 30       260427220000....2300
01900  30 30 00 00 00 00 32 31 37 30-30 30 00 00 00 00 32 32 32 35       00....217000....2225
01920  30 30 00 00 00 00 31 35 31 35-32 39 39 37 33 00 33 33 38 37       00....151529973.3387
01940  31 36 31 31 35 31 37 35 37 35-00 00 00 00 30 32 30 32 36 30       1611517575....020260
01960  34 32 30 32 31 33 30 30 30 00-00 00 00 32 35 31 35 30 30 00       420213000....251500.
01980  00 00 00 32 31 32 30 30 30 00-00 00 00 32 31 39 30 30 30 00       ...212000....219000.
02000  00 00 00 31 39 34 30 33 31 31-33 34 00 34 32 36 39 37 34 32       ...194031134.4269742
02020  34 38 37 30 35 32 36 00 00 00-00 30 32 30 32 36 30 34 31 33       4870526....020260413
02040  32 30 30 30 30 30 00 00 00 00-32 32 31 30 30 30 00 00 00 00       200000....221000....
02060  31 39 37 32 30 30 00 00 00 00-32 31 38 30 30 30 00 00 00 00       197200....218000....
02080  31 38 34 36 30 30 31 35 36 00-33 38 39 31 33 30 38 31 30 33       184600156.3891308103
02100  31 36 35 39 00 00 00 00 30 32-30 32 36 30 34 30 36 31 38 36       1659....020260406186
02120  39 30 30 00 00 00 00 32 31 35-30 30 30 00 00 00 00 31 38 34       900....215000....184
02140  36 30 30 00 00 00 00 32 30 37-30 30 30 00 00 00 00 33 30 30       600....207000....300
02160  38 38 31 39 35 33 00 36 31 30-31 35 38 35 34 37 32 31 35 35       881953.6101585472155
02180  39 00 00 00 00 30 32 30 32 36-30 33 33 30 31 37 33 30 30 30       9....020260330173000
02200  00 00 00 00 31 39 35 32 30 30-00 00 00 00 31 36 35 37 30 30       ....195200....165700
02220  00 00 00 00 31 38 35 38 30 30-00 00 00 00 32 37 36 39 33 37       ....185800....276937
02240  38 36 39 00 34 39 36 33 34 37-33 34 36 35 39 35 32 36 00 00       869.49634734659526..
02260  00 00 30 32 30 32 36 30 33 32-33 32 30 30 30 30 30 00 00 00       ..020260323200000...
02280  00 32 30 30 30 30 30 00 00 00-00 31 37 31 35 30 30 00 00 00       .200000....171500...
02300  00 31 37 36 38 30 30 00 00 00-00 32 34 32 37 30 37 30 31 33       .176800....242707013
02320  00 34 35 30 34 33 38 39 32 37-36 38 30 31 33 00 00 00 00 30       .45043892768013....0
02340  32 30 32 36 30 33 31 36 31 38-34 31 30 30 00 00 00 00 32 31       20260316184100....21
02360  30 30 30 30 00 00 00 00 31 38-32 35 30 30 00 00 00 00 31 39       0000....182500....19
02380  39 38 30 30 00 00 00 00 32 32-34 37 36 34 34 37 32 00 34 34       9800....224764472.44
02400  35 38 32 38 31 31 35 38 37 32-33 34 00 00 00 00 30 32 30 32       582811587234....0202
02420  36 30 33 30 39 31 37 39 38 30-30 00 00 00 00 31 39 34 38 30       60309179800....19480
02440  30 00 00 00 00 31 36 37 33 30-30 00 00 00 00 31 38 34 30 30       0....167300....18400
02460  30 00 00 00 00 32 36 37 32 34-34 31 39 34 00 34 38 39 31 34       0....267244194.48914
02480  32 32 36 37 33 35 34 33 34 00-00 00 00 30 32 30 32 36 30 33       226735434....0202603
02500  30 33 32 31 34 30 30 30 00 00-00 00 32 31 35 30 30 30 00 00       03214000....215000..
02520  00 00 31 37 31 39 30 30 00 00-00 00 31 38 35 38 30 30 00 00       ..171900....185800..
02540  00 00 34 36 34 35 34 33 39 35-37 00 35 37 37 31 39 37 34 37       ..464543957.57719747
02560  38 33 30 35 35 35 00 00 00 00-30 32 30 32 36 30 32 32 33 31       830555....0202602231
02580  39 31 35 30 30 00 00 00 00 32-32 38 35 30 30 00 00 00 00 31       91500....228500....1
02600  39 30 35 30 30 00 00 00 00 32-31 37 35 30 30 00 00 00 00 32       90500....217500....2
02620  37 30 38 32 33 31 33 38 00 35-36 31 37 33 37 37 35 35 32 31       70823138.56173775521
02640  38 32 39 00 00 00 00 30 32 30-32 36 30 32 31 39 31 38 32 31       829....0202602191821
02660  30 30 00 00 00 00 31 39 31 32-30 30 00 00 00 00 31 38 32 31       00....191200....1821
02680  30 30 00 00 00 00 31 39 30 33-30 30 00 00 00 00 38 32 37 34       00....190300....8274
02700  31 35 34 37 00 00 31 35 36 35-34 39 39 34 39 34 38 37 33 31       1547..15654994948731
02720  00 00 00 00 30 32 30 32 36 30-32 30 39 31 36 35 30 30 30 00       ....020260209165000.
02740  00 00 00 31 38 34 34 30 30 00-00 00 00 31 36 32 30 30 30 00       ...184400....162000.
02760  00 00 00 31 38 32 34 30 30 00-00 00 00 32 31 37 34 36 34 33       ...182400....2174643
02780  33 33 00 33 37 36 30 39 37 35-35 30 33 34 37 30 33 00 00 00       33.37609755034703...
02800  00 30 32 30 32 36 30 32 30 32-31 35 38 30 30 30 00 00 00 00       .020260202158000....
02820  31 36 39 34 30 30 00 00 00 00-31 31 31 36 30 30 00 00 00 00       169400....111600....
02840  31 36 31 30 30 30 00 00 00 00-32 36 37 35 36 39 33 30 32 00       161000....267569302.
02860  34 32 37 36 38 30 33 32 31 32-35 36 34 39 00 00 00 00 30 32       42768032125649....02
02880  30 32 36 30 31 32 36 31 35 32-31 30 30 00 00 00 00 31 36 38       0260126152100....168
02900  32 30 30 00 00 00 00 31 34 39-32 30 30 00 00 00 00 31 36 30       200....149200....160
02920  38 30 30 00 00 00 00 32 32 36-30 37 38 36 30 37 00 33 36 31       800....226078607.361
02940  31 34 35 37 31 39 32 32 35 38-34 00 00 00 00 30 32 30 32 36       14571922584....02026
02960  30 31 31 39 31 34 39 32 30 30-00 00 00 00 31 36 30 30 30 30       0119149200....160000
02980  00 00 00 00 31 33 38 30 30 30-00 00 00 00 31 35 31 37 30 30       ....138000....151700
03000  00 00 00 00 32 31 32 31 38 31-38 35 31 00 33 31 37 36 34 37       ....212181851.317647
03020  32 30 30 31 37 39 30 32 00 00-00 00 30 32 30 32 36 30 31 31       20017902....02026011
03040  32 31 34 31 39 30 30 00 00 00-00 31 34 39 35 30 30 00 00 00       2141900....149500...
03060  00 31 33 36 35 30 30 00 00 00-00 31 34 39 35 30 30 00 00 00       .136500....149500...
03080  00 31 37 37 38 39 34 38 35 35-00 32 35 32 33 31 32 35 30 37       .177894855.252312507
03100  38 34 31 37 34 00 00 00 00 30-32 30 32 36 30 31 30 35 31 32       84174....02026010512
03120  38 35 30 30 00 00 00 00 31 34-34 35 30 30 00 00 00 00 31 32       8500....144500....12
03140  38 32 30 30 00 00 00 00 31 33-39 37 30 30 00 00 00 00 33 31       8200....139700....31
03160  31 36 32 36 39 39 39 00 34 33-31 34 39 39 35 35 38 33 37 32       1626999.431499558372
03180  33 39 00 00 00 00 30 32 30 32-34 31 32 33 30 35 33 33 30 30       39....02024123053300
03200  00 00 00 00 00 31 32 39 36 30-30 00 00 00 00 35 30 38 30 30       .....129600....50800
03220  00 00 00 00 00 31 32 39 33 30-30 00 00 00 00 36 34 32 30 35       .....129300....64205
03240  31 31 35 34 33 34 38 38 34 39-30 38 37 31 35 32 36 30 36 34       11543488490871526064
03260  00 00 00 30 32 30 32 34 31 32-32 33 35 33 34 30 30 00 00 00       ...02024122353400...
03280  00 00 35 34 36 30 30 00 00 00-00 00 35 33 32 30 30 00 00 00       ..54600.....53200...
03300  00 00 35 33 37 30 30 00 00 00-00 00 34 36 35 37 31 35 39 38       ..53700.....46571598
03320  00 00 32 35 30 36 39 36 30 36-39 34 38 30 30 00 00 00 00 00       ..2506960694800.....
03340  30 32 30 32 34 31 32 31 36 35-36 33 30 30 00 00 00 00 00 35       02024121656300.....5
03360  36 36 30 30 00 00 00 00 00 35-31 39 30 30 00 00 00 00 00 35       6600.....51900.....5
03380  33 30 30 30 00 00 00 00 00 39-36 33 34 38 31 34 33 00 00 35       3000.....96348143..5
03400  31 39 38 31 34 35 32 31 38 32-38 35 00 00 00 00 00 30 32 30       198145218285.....020
03420  32 34 31 32 30 39 35 33 35 30-30 00 00 00 00 00 35 36 35 30       24120953500.....5650
03440  30 00 00 00 00 00 35 33 32 30-30 00 00 00 00 00 35 36 31 30       0.....53200.....5610
03460  30 00 00 00 00 00 31 31 30 39-36 33 31 31 38 00 36 30 36 30       0.....110963118.6060
03480  35 34 37 32 32 36 37 30 37 00-00 00 00 00 30 32 30 32 34 31       547226707.....020241
03500  32 30 32 35 34 33 30 30 00 00-00 00 00 35 34 34 30 30 00 00       20254300.....54400..
03520  00 00 00 35 32 30 30 30 00 00-00 00 00 35 34 31 30 30 00 00       ...52000.....54100..
03540  00 00 00 31 32 30 38 37 34 33-38 37 00 36 34 37 38 30 31 31       ...120874387.6478011
03560  37 37 35 39 39 34 00 00 00 00-00 30 32 30 32 34 31 31 32 35       775994.....020241125
03580  35 37 34 30 30 00 00 00 00 00-35 38 39 30 30 00 00 00 00 00       57400.....58900.....
03600  35 33 38 30 30 00 00 00 00 00-35 34 32 30 30 00 00 00 00 00       53800.....54200.....
03620  31 32 35 37 36 39 37 38 32 00-37 31 31 38 35 39 34 33 34 33       125769782.7118594343
03640  32 34 30 00 00 00 00 00 30 32-30 32 34 31 31 31 38 35 37 30       240.....020241118570
03660  30 30 00 00 00 00 00 35 37 35-30 30 00 00 00 00 00 35 34 37       00.....57500.....547
03680  30 30 00 00 00 00 00 35 36 30-30 30 00 00 00 00 00 31 33 34       00.....56000.....134
03700  38 37 37 39 32 36 00 37 35 39-37 37 37 33 38 32 38 39 36 38       877926.7597773828968
03720  00 00 00 00 00 30 32 30 32 34-31 31 31 31 35 36 37 30 30 00       .....02024111156700.
03740  00 00 00 00 35 36 38 30 30 00-00 00 00 00 34 39 39 30 30 00       ....56800.....49900.
03760  00 00 00 00 35 33 35 30 30 00-00 00 00 00 32 31 35 35 38 37       ....53500.....215587
03780  34 30 32 00 31 31 33 32 36 37-35 37 37 34 32 32 35 36 00 00       402.11326757742256..
03800  00 00 30 32 30 32 34 31 31 30-34 35 38 36 30 30 00 00 00 00       ..02024110458600....
03820  00 35 39 34 30 30 00 00 00 00-00 35 36 33 30 30 00 00 00 00       .59400.....56300....
03840  00 35 37 30 30 30 00 00 00 00-00 38 36 30 38 34 31 33 37 00       .57000.....86084137.
03860  00 34 39 36 38 34 39 36 32 30-36 33 35 32 00 00 00 00 00 30       .4968496206352.....0
03880  32 30 32 34 31 30 32 38 35 35-37 30 30 00 00 00 00 00 36 31       2024102855700.....61
03900  32 30 30 00 00 00 00 00 35 35-37 30 30 00 00 00 00 00 35 38       200.....55700.....58
03920  33 30 30 00 00 00 00 00 31 33-30 38 37 35 32 31 30 00 37 37       300.....130875210.77
03940  30 32 32 34 32 37 31 35 38 37-36 00 00 00 00 00 30 32 30 32       02242715876.....0202
03960  34 31 30 32 31 35 39 30 30 30-00 00 00 00 00 36 30 30 30 30       4102159000.....60000
03980  00 00 00 00 00 35 35 38 30 30-00 00 00 00 00 35 35 39 30 30       .....55800.....55900
04000  00 00 00 00 00 31 33 30 37 32-37 34 34 39 00 37 35 35 34 30       .....130727449.75540
04020  31 39 33 33 33 36 34 34 00 00-00 00 00 30 32 30 32 34 31 30       19333644.....0202410
04040  31 34 35 39 35 30 30 00 00 00-00 00 36 31 34 30 30 00 00 00       1459500.....61400...
04060  00 00 35 39 31 30 30 00 00 00-00 00 35 39 32 30 30 00 00 00       ..59100.....59200...
04080  00 00 31 30 34 36 39 37 38 38-39 00 36 32 38 33 30 34 39 31       ..104697889.62830491
04100  39 32 35 36 39 00 00 00 00 00-30 32 30 32 34 31 30 30 37 36       92569.....0202410076
04120  30 32 30 30 00 00 00 00 00 36-31 39 30 30 00 00 00 00 00 35       0200.....61900.....5
04140  38 39 30 30 00 00 00 00 00 35-39 33 30 30 00 00 00 00 00 31       8900.....59300.....1
04160  33 37 33 36 34 35 30 32 00 38-32 32 34 33 36 37 37 35 39 30       37364502.82243677590
04180  30 34 00 00 00 00 00 30 32 30-32 34 30 39 33 30 36 34 32 30       04.....0202409306420
04200  30 00 00 00 00 00 36 34 33 30-30 00 00 00 00 00 35 39 39 30       0.....64300.....5990
04220  30 00 00 00 00 00 36 30 36 30-30 00 00 00 00 00 38 35 34 31       0.....60600.....8541
04240  35 32 37 37 00 00 35 32 36 31-39 39 33 34 38 34 30 39 35 00       5277..5261993484095.
04260  00 00 00 00 30 32 30 32 34 30-39 32 33 36 32 33 30 30 00 00       ....02024092362300..
04280  00 00 00 36 35 34 30 30 00 00-00 00 00 36 32 32 30 30 00 00       ...65400.....62200..
04300  00 00 00 36 34 32 30 30 00 00-00 00 00 31 35 30 31 35 31 33       ...64200.....1501513
04320  35 39 00 39 35 35 39 37 34 38-38 34 32 33 34 31 00 00 00 00       59.9559748842341....
04340  00 30 32 30 32 34 30 39 31 39-36 34 30 30 30 00 00 00 00 00       .02024091964000.....
04360  36 34 37 30 30 00 00 00 00 00-36 32 32 30 30 00 00 00 00 00       64700.....62200.....
04380  36 33 30 30 30 00 00 00 00 00-38 32 31 34 38 37 36 39 00 00       63000.....82148769..
04400  35 32 30 32 31 36 30 31 33 33-30 34 36 00 00 00 00 00 30 32       5202160133046.....02
04420  30 32 34 30 39 30 39 36 36 39-30 30 00 00 00 00 00 36 38 32       024090966900.....682
04440  30 30 00 00 00 00 00 36 34 32-30 30 00 00 00 00 00 36 34 34       00.....64200.....644
04460  30 30 00 00 00 00 00 31 35 30-36 35 33 36 32 32 00 39 39 32       00.....150653622.992
04480  34 30 33 35 38 37 38 34 38 39-00 00 00 00 00 30 32 30 32 34       4035878489.....02024
04500  30 39 30 32 37 34 35 30 30 00-00 00 00 00 37 34 37 30 30 00       090274500.....74700.
04520  00 00 00 00 36 38 30 30 30 00-00 00 00 00 36 38 39 30 30 00       ....68000.....68900.
04540  00 00 00 00 31 30 31 30 33 31-36 30 36 00 37 31 36 32 36 32       ....101031606.716262
04560  32 36 38 30 30 37 35 00 00 00-00 00 30 32 30 32 34 30 38 32       2680075.....02024082
04580  36 37 38 31 30 30 00 00 00 00-00 37 38 32 30 30 00 00 00 00       678100.....78200....
04600  00 37 33 35 30 30 00 00 00 00-00 37 34 33 30 30 00 00 00 00       .73500.....74300....
04620  00 36 39 38 32 33 35 39 36 00-00 35 32 35 37 33 35 36 35 37       .69823596..525735657
04640  31 35 38 33 00 00 00 00 00 30-32 30 32 34 30 38 31 39 38 30       1583.....02024081980
04660  31 30 30 00 00 00 00 00 38 30-31 30 30 00 00 00 00 00 37 37       100.....80100.....77
04680  35 30 30 00 00 00 00 00 37 37-37 30 30 00 00 00 00 00 35 30       500.....77700.....50
04700  32 30 35 34 30 36 00 00 33 39-34 30 35 36 37 30 30 31 33 30       205406..394056700130
04720  36 00 00 00 00 00 30 32 30 32-34 30 38 31 32 37 35 32 30 30       6.....02024081275200
04740  00 00 00 00 00 38 30 32 30 30-00 00 00 00 00 37 34 38 30 30       .....80200.....74800
04760  00 00 00 00 00 38 30 32 30 30-00 00 00 00 00 35 35 38 36 33       .....80200.....55863
04780  31 36 36 00 00 34 33 33 31 32-37 39 31 39 39 39 36 30 00 00       166..4331279199960..
04800  00 00 00 30 32 30 32 34 30 38-30 35 37 36 37 30 30 00 00 00       ...02024080576700...
04820  00 00 37 36 39 30 30 00 00 00-00 00 37 30 32 30 30 00 00 00       ..76900.....70200...
04840  00 00 37 34 37 30 30 00 00 00-00 00 31 37 39 34 31 37 33 39       ..74700.....17941739
04860  35 00 31 33 32 35 35 38 35 38-37 37 36 30 39 34 00 00 00 00       5.13255858776094....
04880  30 32 30 32 34 30 37 32 39 38-31 36 30 30 00 00 00 00 00 38       02024072981600.....8
04900  36 31 30 30 00 00 00 00 00 37-39 35 30 30 00 00 00 00 00 37       6100.....79500.....7
04920  39 36 30 30 00 00 00 00 00 39-33 34 31 31 37 30 38 00 00 37       9600.....93411708..7
04940  36 34 34 36 36 30 31 36 33 30-34 30 00 00 00 00 00 30 32 30       644660163040.....020
04960  32 34 30 37 32 32 38 34 34 30-30 00 00 00 00 00 38 34 39 30       24072284400.....8490
04980  30 00 00 00 00 00 38 30 31 30-30 00 00 00 00 00 38 30 39 30       0.....80100.....8090
05000  30 00 00 00 00 00 38 36 35 32-35 31 37 37 00 00 37 31 31 30       0.....86525177..7110
05020  36 30 39 37 37 39 39 36 34 00-00 00 00 00 30 32 30 32 34 30       609779964.....020240
05040  37 31 35 38 34 37 30 30 00 00-00 00 00 38 38 30 30 30 00 00       71584700.....88000..
05060  00 00 00 38 33 38 30 30 00 00-00 00 00 38 34 34 30 30 00 00       ...83800.....84400..
05080  00 00 00 31 30 32 38 33 37 31-37 30 00 38 38 32 38 31 38 39       ...102837170.8828189
05100  34 32 38 30 38 39 00 00 00 00-00 30 32 30 32 34 30 37 30 38       428089.....020240708
05120  38 37 39 30 30 00 00 00 00 00-38 38 38 30 30 00 00 00 00 00       87900.....88800.....
05140  38 34 31 30 30 00 00 00 00 00-38 34 34 30 30 00 00 00 00 00       84100.....84400.....
05160  31 31 34 32 30 37 38 35 31 00-39 39 33 34 39 34 32 36 39 39       114207851.9934942699
05180  34 37 32 00 00 00 00 00 30 32-30 32 34 30 37 30 31 38 31 35       472.....020240701815
05200  30 30 00 00 00 00 00 38 37 31-30 30 00 00 00 00 00 38 31 30       00.....87100.....810
05220  30 30 00 00 00 00 00 38 37 31-30 30 00 00 00 00 00 31 32 36       00.....87100.....126
05240  38 37 37 38 35 36 00 31 30 36-37 35 35 36 39 33 35 37 36 37       877856.1067556935767
05260  36 00 00 00 00 30 32 30 32 34-30 36 32 34 37 39 37 30 30 00       6....02024062479700.
05280  00 00 00 00 38 31 39 30 30 00-00 00 00 00 37 39 35 30 30 00       ....81900.....79500.
05300  00 00 00 00 38 31 35 30 30 00-00 00 00 00 37 33 35 32 31 35       ....81500.....735215
05320  37 36 00 00 35 39 34 33 37 33-35 37 32 32 38 33 33 00 00 00       76..5943735722833...
05340  00 00 30 32 30 32 34 30 36 31-37 37 39 32 30 30 00 00 00 00       ..02024061779200....
05360  00 38 32 35 30 30 00 00 00 00-00 37 38 30 30 30 00 00 00 00       .82500.....78000....
05380  00 38 30 30 30 30 00 00 00 00-00 39 36 36 39 35 39 34 38 00       .80000.....96695948.
05400  00 37 37 38 30 38 31 35 37 33-35 33 34 39 00 00 00 00 00 30       .7780815735349.....0
05420  32 30 32 34 30 36 31 30 37 36-31 30 30 00 00 00 00 00 38 30       2024061076100.....80
05440  35 30 30 00 00 00 00 00 37 35-31 30 30 00 00 00 00 00 37 39       500.....75100.....79
05460  36 30 30 00 00 00 00 00 31 30-37 35 30 37 30 37 31 00 38 33       600.....107507071.83
05480  32 39 36 35 34 37 31 35 35 30-37 00 00 00 00 00 30 32 30 32       29654715507.....0202
05500  34 30 36 30 33 37 34 34 30 30-00 00 00 00 00 37 38 36 30 30       4060374400.....78600
05520  00 00 00 00 00 37 34 32 30 30-00 00 00 00 00 37 37 33 30 30       .....74200.....77300
05540  00 00 00 00 00 37 34 31 37 31-36 33 38 00 00 35 36 39 31 39       .....74171638..56919
05560  34 33 32 30 37 36 38 31 00 00-00 00 00 30 32 30 32 34 30 35       43207681.....0202405
05580  32 37 37 35 33 30 30 00 00 00-00 00 37 38 32 30 30 00 00 00       2775300.....78200...
05600  00 00 37 33 35 30 30 00 00 00-00 00 37 33 35 30 30 00 00 00       ..73500.....73500...
05620  00 00 31 34 37 33 35 39 31 39-38 00 31 31 31 30 39 31 30 34       ..147359198.11109104
05640  35 37 37 31 33 31 00 00 00 00-30 32 30 32 34 30 35 32 30 37       577131....0202405207
05660  38 31 30 30 00 00 00 00 00 37-39 31 30 30 00 00 00 00 00 37       8100.....79100.....7
05680  35 37 30 30 00 00 00 00 00 37-35 39 30 30 00 00 00 00 00 39       5700.....75900.....9
05700  39 32 38 38 32 33 37 00 00 37-37 31 35 31 31 31 35 39 39 30       9288237..77151115990
05720  37 37 00 00 00 00 00 30 32 30-32 34 30 35 31 33 37 39 34 30       77.....0202405137940
05740  30 00 00 00 00 00 38 30 33 30-30 00 00 00 00 00 37 37 32 30       0.....80300.....7720
05760  30 00 00 00 00 00 37 37 34 30-30 00 00 00 00 00 36 37 33 32       0.....77400.....6732
05780  34 33 31 35 00 00 35 32 37 35-37 32 35 35 35 35 36 36 33 00       4315..5275725555663.
05800  00 00 00 00 30 32 30 32 34 30-35 30 37 37 39 36 30 30 00 00       ....02024050779600..
05820  00 00 00 38 31 35 30 30 00 00-00 00 00 37 38 39 30 30 00 00       ...81500.....78900..
05840  00 00 00 37 39 32 30 30 00 00-00 00 00 37 35 30 36 34 35 30       ...79200.....7506450
05860  33 00 00 36 30 33 33 35 34 30-39 33 34 37 38 34 00 00 00 00       3..6033540934784....
05880  00 30 32 30 32 34 30 34 32 39-37 37 34 30 30 00 00 00 00 00       .02024042977400.....
05900  37 39 30 30 30 00 00 00 00 00-37 36 32 30 30 00 00 00 00 00       79000.....76200.....
05920  37 37 36 30 30 00 00 00 00 00-36 35 37 32 34 30 31 30 00 00       77600.....65724010..
05940  35 31 30 35 36 30 32 33 30 30-31 36 37 00 00 00 00 00 30 32       5105602300167.....02
05960  30 32 34 30 34 32 32 37 37 34-30 30 00 00 00 00 00 37 38 38       024042277400.....788
05980  30 30 00 00 00 00 00 37 35 31-30 30 00 00 00 00 00 37 36 37       00.....75100.....767
06000  30 30 00 00 00 00 00 39 39 36-35 38 30 38 39 00 00 37 36 35       00.....99658089..765
06020  35 31 33 39 39 32 37 34 36 30-00 00 00 00 00 30 32 30 32 34       5139927460.....02024
06040  30 34 31 35 38 32 39 30 30 00-00 00 00 00 38 33 32 30 30 00       041582900.....83200.
06060  00 00 00 00 37 36 33 30 30 00-00 00 00 00 37 37 36 30 30 00       ....76300.....77600.
06080  00 00 00 00 31 33 33 39 31 33-30 30 31 00 31 30 36 37 30 36       ....133913001.106706
06100  37 36 31 39 32 32 36 39 00 00-00 00 30 32 30 32 34 30 34 30       76192269....02024040
06120  38 38 35 32 30 30 00 00 00 00-00 38 36 30 30 30 00 00 00 00       885200.....86000....
06140  00 38 32 35 30 30 00 00 00 00-00 38 33 37 30 30 00 00 00 00       .82500.....83700....
06160  00 38 35 32 37 38 39 36 37 00-00 37 31 37 34 36 39 39 31 39       .85278967..717469919
06180  31 34 37 34 00 00 00 00 00 30-32 30 32 34 30 34 30 31 38 33       1474.....02024040183
06200  32 30 30 00 00 00 00 00 38 35-35 30 30 00 00 00 00 00 38 32       200.....85500.....82
06220  30 30 30 00 00 00 00 00 38 34-35 30 30 00 00 00 00 00 31 33       000.....84500.....13
06240  31 38 32 30 34 39 30 00 31 31-30 39 38 37 34 37 39 39 31 32       1820490.110987479912
06260  31 37 00 00 00 00 30 32 30 32-34 30 33 32 35 37 39 36 30 30       17....02024032579600
06280  00 00 00 00 00 38 32 35 30 30-00 00 00 00 00 37 37 38 30 30       .....82500.....77800
06300  00 00 00 00 00 38 32 34 30 30-00 00 00 00 00 31 31 38 38 39       .....82400.....11889
06320  31 32 36 33 00 39 35 33 35 31-32 30 38 37 35 34 32 39 00 00       1263.9535120875429..
06340  00 00 00 30 32 30 32 34 30 33-31 38 37 32 36 30 30 00 00 00       ...02024031872600...
06360  00 00 37 39 39 30 30 00 00 00-00 00 37 31 37 30 30 00 00 00       ..79900.....71700...
06380  00 00 37 38 39 30 30 00 00 00-00 00 31 34 38 32 39 37 32 37       ..78900.....14829727
06400  31 00 31 31 33 36 30 37 31 32-39 35 39 39 31 38 00 00 00 00       1.11360712959918....
06420  30 32 30 32 34 30 33 31 31 37-32 39 30 30 00 00 00 00 00 37       02024031172900.....7
06440  34 35 30 30 00 00 00 00 00 37-32 31 30 30 00 00 00 00 00 37       4500.....72100.....7
06460  32 33 30 30 00 00 00 00 00 38-33 31 32 31 33 38 36 00 00 36       2300.....83121386..6
06480  30 39 39 36 33 36 38 31 36 34-33 39 00 00 00 00 00 30 32 30       099636816439.....020
06500  32 34 30 33 30 34 37 34 33 30-30 00 00 00 00 00 37 35 30 30       24030474300.....7500
06520  30 00 00 00 00 00 37 32 32 30-30 00 00 00 00 00 37 33 33 30       0.....72200.....7330
06540  30 00 00 00 00 00 39 38 30 35-31 38 31 36 00 00 37 32 31 35       0.....98051816..7215
06560  37 32 32 36 36 33 30 36 38 00-00 00 00 00 30 32 30 32 34 30       722663068.....020240
06580  32 32 36 37 32 33 30 30 00 00-00 00 00 37 33 39 30 30 00 00       22672300.....73900..
06600  00 00 00 37 32 30 30 30 00 00-00 00 00 37 33 34 30 30 00 00       ...72000.....73400..
06620  00 00 00 36 30 38 34 33 35 39-35 00 00 34 34 34 31 34 38 34       ...60843595..4441484
06640  38 38 34 37 31 30 00 00 00 00-00 30 32 30 32 34 30 32 31 39       884710.....020240219
06660  37 32 38 30 30 00 00 00 00 00-37 34 32 30 30 00 00 00 00 00       72800.....74200.....
06680  37 32 37 30 30 00 00 00 00 00-37 32 39 30 30 00 00 00 00 00       72700.....72900.....
06700  37 30 33 34 35 34 37 36 00 00-35 31 35 34 34 39 32 35 34 35       70345476..5154492545
06720  33 32 39 00 00 00 00 00 30 32-30 32 34 30 32 31 33 37 34 38       329.....020240213748
06740  30 30 00 00 00 00 00 37 35 32-30 30 00 00 00 00 00 37 32 35       00.....75200.....725
06760  30 30 00 00 00 00 00 37 32 38-30 30 00 00 00 00 00 36 31 39       00.....72800.....619
06780  36 37 30 37 31 00 00 34 35 38-32 32 36 30 32 36 38 38 30 35       67071..4582260268805
06800  00 00 00 00 00 30 32 30 32 34-30 32 30 35 37 34 32 30 30 00       .....02024020574200.
06820  00 00 00 00 37 35 35 30 30 00-00 00 00 00 37 33 33 30 30 00       ....75500.....73300.
06840  00 00 00 00 37 34 31 30 30 00-00 00 00 00 37 30 39 36 32 34       ....74100.....709624
06860  32 38 00 00 35 32 37 34 31 39-35 30 35 30 39 32 36 00 00 00       28..5274195050926...
06880  00 00 30 32 30 32 34 30 31 32-39 37 33 38 30 30 00 00 00 00       ..02024012973800....
06900  00 37 35 33 30 30 00 00 00 00-00 37 32 35 30 30 00 00 00 00       .75300.....72500....
06920  00 37 35 32 30 30 00 00 00 00-00 37 36 37 36 31 34 31 33 00       .75200.....76761413.
06940  00 35 36 37 37 33 32 39 39 39-32 34 39 39 00 00 00 00 00 30       .5677329992499.....0
06960  32 30 32 34 30 31 32 32 37 35-39 30 30 00 00 00 00 00 37 36       2024012275900.....76
06980  30 30 30 00 00 00 00 00 37 33-33 30 30 00 00 00 00 00 37 33       000.....73300.....73
07000  34 30 30 00 00 00 00 00 37 30-32 31 38 30 36 39 00 00 35 32       400.....70218069..52
07020  33 39 36 33 33 32 38 35 34 37-36 00 00 00 00 00 30 32 30 32       39633285476.....0202
07040  34 30 31 31 35 37 33 32 30 30-00 00 00 00 00 37 34 37 30 30       4011573200.....74700
07060  00 00 00 00 00 37 30 37 30 30-00 00 00 00 00 37 34 37 30 30       .....70700.....74700
07080  00 00 00 00 00 39 31 38 37 33-32 33 38 00 00 36 36 37 39 35       .....91873238..66795
07100  30 38 34 34 33 39 36 30 00 00-00 00 00 30 32 30 32 34 30 31       08443960.....0202401
07120  30 38 37 37 30 30 30 00 00 00-00 00 37 37 37 30 30 00 00 00       0877000.....77700...
07140  00 00 37 32 37 30 30 00 00 00-00 00 37 33 31 30 30 00 00 00       ..72700.....73100...
07160  00 00 31 32 38 30 39 37 37 30-37 00 39 34 38 35 36 30 38 31       ..128097707.94856081
07180  38 30 35 35 32 00 00 00 00 00-30 32 30 32 34 30 31 30 32 37       80552.....0202401027
07200  38 32 30 30 00 00 00 00 00 37-39 38 30 30 00 00 00 00 00 37       8200.....79800.....7
07220  36 31 30 30 00 00 00 00 00 37-36 36 30 30 00 00 00 00 00 36       6100.....76600.....6
07240  35 35 32 35 32 34 36 00 00 35-30 38 39 33 39 38 34 34 38 38       5525246..50893984488
07260  31 34 00 00 00 00 00 30 32 30-32 33 31 32 32 36 37 36 31 30       14.....0202312267610
07280  30 00 00 00 00 00 37 38 35 30-30 00 00 00 00 00 37 35 37 30       0.....78500.....7570
07300  30 00 00 00 00 00 37 38 35 30-30 00 00 00 00 00 35 31 36 31       0.....78500.....5161
07320  33 34 38 37 00 00 33 39 39 33-38 35 32 33 31 35 33 30 30 00       3487..3993852315300.
07340  00 00 00 00 30 32 30 32 33 31-32 31 38 37 33 33 30 30 00 00       ....02023121873300..
07360  00 00 00 37 36 33 30 30 00 00-00 00 00 37 32 38 30 30 00 00       ...76300.....72800..
07380  00 00 00 37 35 39 30 30 00 00-00 00 00 36 33 34 36 32 37 31       ...75900.....6346271
07400  33 00 00 34 37 31 39 38 35 33-35 35 36 38 34 37 00 00 00 00       3..4719853556847....
07420  00 30 32 30 32 33 31 32 31 31-37 32 38 30 30 00 00 00 00 00       .02023121172800.....
07440  37 34 33 30 30 00 00 00 00 00-37 32 32 30 30 00 00 00 00 00       74300.....72200.....
07460  37 33 33 30 30 00 00 00 00 00-37 39 37 32 34 37 38 30 00 00       73300.....79724780..
07480  35 38 34 35 34 39 33 32 39 35-31 38 32 00 00 00 00 00 30 32       5845493295182.....02
07500  30 32 33 31 32 30 34 37 32 38-30 30 00 00 00 00 00 37 32 39       023120472800.....729
07520  30 30 00 00 00 00 00 37 31 31-30 30 00 00 00 00 00 37 32 36       00.....71100.....726
07540  30 30 00 00 00 00 00 35 30 32-30 33 35 31 36 00 00 33 36 31       00.....50203516..361
07560  35 36 33 38 30 33 36 30 34 30-00 00 00 00 00 30 32 30 32 33       5638036040.....02023
07580  31 31 32 37 37 31 35 30 30 00-00 00 00 00 37 32 38 30 30 00       112771500.....72800.
07600  00 00 00 00 37 31 31 30 30 00-00 00 00 00 37 32 30 30 30 00       ....71100.....72000.
07620  00 00 00 00 35 37 33 33 35 38-36 39 00 00 34 31 34 30 32 31       ....57335869..414021
07640  34 39 39 32 32 31 36 00 00 00-00 00 30 32 30 32 33 31 31 32       4992216.....02023112
07660  30 37 32 31 30 30 00 00 00 00-00 37 33 34 30 30 00 00 00 00       072100.....73400....
07680  00 37 31 37 30 30 00 00 00 00-00 37 31 37 30 30 00 00 00 00       .71700.....71700....
07700  00 34 34 38 38 30 34 38 30 00-00 33 32 35 37 35 36 33 30 37       .44880480..325756307
07720  34 32 32 35 00 00 00 00 00 30-32 30 32 33 31 31 31 33 37 31       4225.....02023111371
07740  33 30 30 00 00 00 00 00 37 33-30 30 30 00 00 00 00 00 37 30       300.....73000.....70
07760  33 30 30 00 00 00 00 00 37 32-35 30 30 00 00 00 00 00 36 36       300.....72500.....66
07780  33 31 38 36 37 35 00 00 34 37-36 37 35 37 32 30 32 31 39 35       318675..476757202195
07800  35 00 00 00 00 00 30 32 30 32-33 31 31 30 36 36 39 38 30 30       5.....02023110669800
07820  00 00 00 00 00 37 31 34 30 30-00 00 00 00 00 36 39 33 30 30       .....71400.....69300
07840  00 00 00 00 00 37 30 35 30 30-00 00 00 00 00 37 34 33 34 34       .....70500.....74344
07860  32 35 30 00 00 35 32 31 38 39-37 32 34 38 35 37 38 39 00 00       250..5218972485789..
07880  00 00 00 30 32 30 32 33 31 30-33 30 36 36 38 30 30 00 00 00       ...02023103066800...
07900  00 00 37 30 32 30 30 00 00 00-00 00 36 36 37 30 30 00 00 00       ..70200.....66700...
07920  00 00 36 39 36 30 30 00 00 00-00 00 36 35 30 37 35 36 38 33       ..69600.....65075683
07940  00 00 34 34 35 37 36 39 38 30-33 33 35 37 33 00 00 00 00 00       ..4457698033573.....
07960  30 32 30 32 33 31 30 32 33 36-38 37 30 30 00 00 00 00 00 36       02023102368700.....6
07980  39 31 30 30 00 00 00 00 00 36-36 37 30 30 00 00 00 00 00 36       9100.....66700.....6
08000  37 33 30 30 00 00 00 00 00 36-31 38 38 30 37 32 32 00 00 34       7300.....61880722..4
08020  31 39 34 33 35 35 38 36 32 31-37 31 00 00 00 00 00 30 32 30       194355862171.....020
08040  32 33 31 30 31 36 36 37 39 30-30 00 00 00 00 00 37 30 35 30       23101667900.....7050
08060  30 00 00 00 00 00 36 36 38 30-30 00 00 00 00 00 36 38 38 30       0.....66800.....6880
08080  30 00 00 00 00 00 37 35 35 38-31 32 34 33 00 00 35 32 30 38       0.....75581243..5208
08100  39 37 33 37 37 38 34 30 30 00-00 00 00 00 30 32 30 32 33 31       973778400.....020231
08120  30 31 30 36 36 32 30 30 00 00-00 00 00 36 39 37 30 30 00 00       01066200.....69700..
08140  00 00 00 36 36 32 30 30 00 00-00 00 00 36 38 30 30 30 00 00       ...66200.....68000..
08160  00 00 00 37 34 31 33 34 30 31-37 00 00 35 30 35 31 36 38 33       ...74134017..5051683
08180  36 36 34 34 30 36 00 00 00 00-00 30 32 30 32 33 31 30 30 34       664406.....020231004
08200  36 37 34 30 30 00 00 00 00 00-36 37 37 30 30 00 00 00 00 00       67400.....67700.....
08220  36 36 30 30 30 00 00 00 00 00-36 36 30 30 30 00 00 00 00 00       66000.....66000.....
08240  35 33 38 35 35 39 38 39 00 00-33 36 30 34 30 34 31 30 36 31       53855989..3604041061
08260  33 32 39 00 00 00 00 00 30 32-30 32 33 30 39 32 35 36 38 35       329.....020230925685
08280  30 30 00 00 00 00 00 37 30 30-30 30 00 00 00 00 00 36 38 32       00.....70000.....682
08300  30 30 00 00 00 00 00 36 38 34-30 30 00 00 00 00 00 34 31 36       00.....68400.....416
08320  31 32 34 37 37 00 00 32 38 36-34 37 37 39 37 32 33 30 36 35       12477..2864779723065
08340  00 00 00 00 00 30 32 30 32 33-30 39 31 38 37 31 33 30 30 00       .....02023091871300.
08360  00 00 00 00 37 31 37 30 30 00-00 00 00 00 36 38 33 30 30 00       ....71700.....68300.
08380  00 00 00 00 36 38 38 30 30 00-00 00 00 00 35 39 34 32 38 31       ....68800.....594281
08400  30 36 00 00 34 31 34 36 31 37-37 33 31 37 36 33 31 00 00 00       06..4146177317631...
08420  00 00 30 32 30 32 33 30 39 31-31 37 30 34 30 30 00 00 00 00       ..02023091170400....
08440  00 37 32 33 30 30 00 00 00 00-00 37 30 30 30 30 00 00 00 00       .72300.....70000....
08460  00 37 32 30 30 30 00 00 00 00-00 37 38 32 39 34 37 37 37 00       .72000.....78294777.
08480  00 35 35 37 35 33 34 36 33 37-33 33 31 33 00 00 00 00 00 30       .5575346373313.....0
08500  32 30 32 33 30 39 30 34 37 32-39 30 30 00 00 00 00 00 37 32       2023090472900.....72
08520  39 30 30 00 00 00 00 00 36 39-36 30 30 00 00 00 00 00 37 30       900.....69600.....70
08540  33 30 30 00 00 00 00 00 37 34-34 36 30 37 31 33 00 00 35 32       300.....74460713..52
08560  36 34 35 36 30 36 33 33 38 38-33 00 00 00 00 00 30 32 30 32       64560633883.....0202
08580  33 30 38 32 38 36 36 38 30 30-00 00 00 00 00 37 31 30 30 30       3082866800.....71000
08600  00 00 00 00 00 36 36 34 30 30-00 00 00 00 00 37 31 30 30 30       .....66400.....71000
08620  00 00 00 00 00 36 39 38 32 33-30 36 38 00 00 34 37 34 36 32       .....69823068..47462
08640  31 37 34 35 35 38 39 32 00 00-00 00 00 30 32 30 32 33 30 38       17455892.....0202308
08660  32 31 36 36 36 30 30 00 00 00-00 00 36 38 37 30 30 00 00 00       2166600.....68700...
08680  00 00 36 36 33 30 30 00 00 00-00 00 36 37 31 30 30 00 00 00       ..66300.....67100...
08700  00 00 35 31 38 34 36 35 38 36-00 00 33 34 38 36 37 38 36 33       ..51846586..34867863
08720  34 30 30 38 31 00 00 00 00 00-30 32 30 32 33 30 38 31 34 36       40081.....0202308146
08740  37 35 30 30 00 00 00 00 00 36-37 39 30 30 00 00 00 00 00 36       7500.....67900.....6
08760  35 38 30 30 00 00 00 00 00 36-36 33 30 30 00 00 00 00 00 34       5800.....66300.....4
08780  35 30 35 30 35 37 39 00 00 33-30 30 33 30 36 34 30 39 36 34       5050579..30030640964
08800  34 34 00 00 00 00 00 30 32 30-32 33 30 38 30 37 36 37 37 30       44.....0202308076770
08820  30 00 00 00 00 00 36 39 36 30-30 00 00 00 00 00 36 37 34 30       0.....69600.....6740
08840  30 00 00 00 00 00 36 37 35 30-30 00 00 00 00 00 36 32 39 30       0.....67500.....6290
08860  31 32 33 36 00 00 34 32 39 39-30 33 37 39 35 31 35 32 38 00       1236..4299037951528.
08880  00 00 00 00 30 32 30 32 33 30-37 33 31 37 30 39 30 30 00 00       ....02023073170900..
08900  00 00 00 37 31 32 30 30 00 00-00 00 00 36 38 32 30 30 00 00       ...71200.....68200..
08920  00 00 00 36 38 33 30 30 00 00-00 00 00 37 31 36 31 36 39 37       ...68300.....7161697
08940  37 00 00 34 39 39 37 38 36 32-35 31 37 31 31 37 00 00 00 00       7..4997862517117....
08960  00 30 32 30 32 33 30 37 32 34-37 30 31 30 30 00 00 00 00 00       .02023072470100.....
08980  37 32 34 30 30 00 00 00 00 00-36 38 31 30 30 00 00 00 00 00       72400.....68100.....
09000  37 30 36 30 30 00 00 00 00 00-31 30 31 34 33 31 36 32 35 00       70600.....101431625.
09020  37 31 31 32 33 31 33 34 35 37-33 35 34 00 00 00 00 00 30 32       7112313457354.....02
09040  30 32 33 30 37 31 37 37 33 32-30 30 00 00 00 00 00 37 33 35       023071773200.....735
09060  30 30 00 00 00 00 00 36 39 34-30 30 00 00 00 00 00 37 30 33       00.....69400.....703
09080  30 30 00 00 00 00 00 35 38 39-31 36 30 31 37 00 00 34 32 31       00.....58916017..421
09100  34 34 30 34 37 36 32 33 35 30-00 00 00 00 00 30 32 30 32 33       4404762350.....02023
09120  30 37 31 30 37 30 30 30 30 00-00 00 00 00 37 33 34 30 30 00       071070000.....73400.
09140  00 00 00 00 36 39 32 30 30 00-00 00 00 00 37 33 34 30 30 00       ....69200.....73400.
09160  00 00 00 00 36 34 35 36 36 36-39 37 00 00 34 36 32 34 36 38       ....64566697..462468
09180  35 34 39 37 37 39 36 00 00 00-00 00 30 32 30 32 33 30 37 30       5497796.....02023070
09200  33 37 32 37 30 30 00 00 00 00-00 37 33 36 30 30 00 00 00 00       372700.....73600....
09220  00 36 39 38 30 30 00 00 00 00-00 36 39 39 30 30 00 00 00 00       .69800.....69900....
09240  00 36 35 33 33 33 36 38 35 00-00 34 36 39 36 34 30 39 32 31       .65333685..469640921
09260  38 36 30 30 00 00 00 00 00 30-32 30 32 33 30 36 32 36 37 31       8600.....02023062671
09280  37 30 30 00 00 00 00 00 37 33-34 30 30 00 00 00 00 00 37 31       700.....73400.....71
09300  35 30 30 00 00 00 00 00 37 32-32 30 30 00 00 00 00 00 35 32       500.....72200.....52
09320  36 39 32 37 32 33 00 00 33 38-31 36 37 35 31 39 36 37 34 30       692723..381675196740
09340  34 00 00 00 00 00 30 32 30 32-33 30 36 31 39 37 31 33 30 30       4.....02023061971300
09360  00 00 00 00 00 37 32 32 30 30-00 00 00 00 00 37 30 31 30 30       .....72200.....70100
09380  00 00 00 00 00 37 31 36 30 30-00 00 00 00 00 35 37 30 32 35       .....71600.....57025
09400  38 36 34 00 00 34 30 35 39 37-34 35 39 37 35 34 35 33 00 00       864..4059745975453..
09420  00 00 00 30 32 30 32 33 30 36-31 32 37 32 31 30 30 00 00 00       ...02023061272100...
09440  00 00 37 32 34 30 30 00 00 00-00 00 37 30 38 30 30 00 00 00       ..72400.....70800...
09460  00 00 37 31 38 30 30 00 00 00-00 00 36 36 38 32 31 33 30 38       ..71800.....66821308
09480  00 00 34 37 38 36 36 36 33 32-38 32 36 32 38 00 00 00 00 00       ..4786663282628.....
09500  30 32 30 32 33 30 36 30 35 37-32 37 30 30 00 00 00 00 00 37       02023060572700.....7
09520  32 37 30 30 00 00 00 00 00 37-30 30 30 30 00 00 00 00 00 37       2700.....70000.....7
09540  32 30 30 30 00 00 00 00 00 36-31 36 39 39 32 31 39 00 00 34       2000.....61699219..4
09560  33 39 36 31 34 33 37 30 30 32-30 30 00 00 00 00 00 30 32 30       396143700200.....020
09580  32 33 30 35 33 30 37 31 33 30-30 00 00 00 00 00 37 32 35 30       23053071300.....7250
09600  30 00 00 00 00 00 37 30 36 30-30 00 00 00 00 00 37 32 32 30       0.....70600.....7220
09620  30 00 00 00 00 00 37 39 39 37-34 30 37 38 00 00 35 37 33 32       0.....79974078..5732
09640  31 37 31 36 36 38 31 36 32 00-00 00 00 00 30 32 30 32 33 30       171668162.....020230
09660  35 32 32 36 38 34 30 30 00 00-00 00 00 37 30 34 30 30 00 00       52268400.....70400..
09680  00 00 00 36 38 30 30 30 00 00-00 00 00 37 30 33 30 30 00 00       ...68000.....70300..
09700  00 00 00 36 35 30 30 35 35 31-38 00 00 34 34 39 34 33 30 38       ...65005518..4494308
09720  35 32 31 38 30 39 00 00 00 00-00 30 32 30 32 33 30 35 31 35       521809.....020230515
09740  36 34 31 30 30 00 00 00 00 00-36 38 34 30 30 00 00 00 00 00       64100.....68400.....
09760  36 33 39 30 30 00 00 00 00 00-36 38 34 30 30 00 00 00 00 00       63900.....68400.....
09780  36 36 30 33 33 32 33 31 00 00-34 33 37 31 37 31 39 31 37 30       66033231..4371719170
09800  36 32 37 00 00 00 00 00 30 32-30 32 33 30 35 30 38 36 36 33       627.....020230508663
09820  30 30 00 00 00 00 00 36 36 33-30 30 00 00 00 00 00 36 33 36       00.....66300.....636
09840  30 30 00 00 00 00 00 36 34 31-30 30 00 00 00 00 00 35 32 31       00.....64100.....521
09860  37 32 37 37 31 00 00 33 33 38-37 36 37 39 31 36 38 35 32 36       72771..3387679168526
09880  00 00 00 00 00 30 32 30 32 33-30 35 30 32 36 36 30 30 30 00       .....02023050266000.
09900  00 00 00 00 36 36 33 30 30 00-00 00 00 00 36 34 37 30 30 00       ....66300.....64700.
09920  00 00 00 00 36 35 31 30 30 00-00 00 00 00 33 33 30 36 34 37       ....65100.....330647
09940  36 31 00 00 32 31 36 32 37 35-34 35 31 38 38 35 30 00 00 00       61..2162754518850...
09960  00 00 30 32 30 32 33 30 34 32-34 36 35 33 30 30 00 00 00 00       ..02023042465300....
09980  00 36 35 39 30 30 00 00 00 00-00 36 33 33 30 30 00 00 00 00       .65900.....63300....
10000  00 36 35 35 30 30 00 00 00 00-00 37 36 33 32 33 34 37 35 00       .65500.....76323475.
10020  00 34 39 33 30 39 35 37 31 36-34 37 35 38 00 00 00 00 00 30       .4930957164758.....0
10040  32 30 32 33 30 34 31 37 36 35-30 30 30 00 00 00 00 00 36 36       2023041765000.....66
10060  30 30 30 00 00 00 00 00 36 34-36 30 30 00 00 00 00 00 36 35       000.....64600.....65
10080  37 30 30 00 00 00 00 00 35 38-35 38 34 34 35 34 00 00 33 38       700.....58584454..38
10100  32 36 37 32 32 33 30 35 35 33-30 00 00 00 00 00 30 32 30 32       26722305530.....0202
10120  33 30 34 31 30 36 34 38 30 30-00 00 00 00 00 36 36 36 30 30       3041064800.....66600
10140  00 00 00 00 00 36 34 37 30 30-00 00 00 00 00 36 35 31 30 30       .....64700.....65100
10160  00 00 00 00 00 38 31 33 38 39-31 37 34 00 00 35 33 35 31 31       .....81389174..53511
10180  39 33 39 33 33 39 30 36 00 00-00 00 00 30 32 30 32 33 30 34       93933906.....0202304
10200  30 33 36 34 30 30 30 00 00 00-00 00 36 35 32 30 30 00 00 00       0364000.....65200...
10220  00 00 36 32 33 30 30 00 00 00-00 00 36 35 30 30 30 00 00 00       ..62300.....65000...
10240  00 00 37 34 37 33 38 36 36 33-00 00 34 37 36 37 33 32 38 36       ..74738663..47673286
10260  33 34 33 30 30 00 00 00 00 00-30 32 30 32 33 30 33 32 37 36       34300.....0202303276
10280  32 36 30 30 00 00 00 00 00 36-34 30 30 30 00 00 00 00 00 36       2600.....64000.....6
10300  32 30 30 30 00 00 00 00 00 36-34 30 30 30 00 00 00 00 00 36       2000.....64000.....6
10320  33 36 34 38 33 31 33 00 00 34-30 30 34 33 34 35 32 39 33 32       3648313..40043452932
10340  31 35 00 00 00 00 00 30 32 30-32 33 30 33 32 30 36 31 31 30       15.....0202303206110
10360  30 00 00 00 00 00 36 33 33 30-30 00 00 00 00 00 36 30 31 30       0.....63300.....6010
10380  30 00 00 00 00 00 36 33 30 30-30 00 00 00 00 00 36 30 35 37       0.....63000.....6057
10400  34 37 37 33 00 00 33 37 32 35-33 34 38 38 30 33 32 37 31 00       4773..3725348803271.
10420  00 00 00 00 30 32 30 32 33 30-33 31 33 35 39 39 30 30 00 00       ....02023031359900..
10440  00 00 00 36 31 33 30 30 00 00-00 00 00 35 39 30 30 30 00 00       ...61300.....59000..
10460  00 00 00 36 31 33 30 30 00 00-00 00 00 36 30 31 31 31 32 36       ...61300.....6011126
10480  38 00 00 33 36 30 36 33 37 37-35 36 38 38 33 38 00 00 00 00       8..3606377568838....
10500  00 30 32 30 32 33 30 33 30 36-36 31 31 30 30 00 00 00 00 00       .02023030661100.....
10520  36 31 36 30 30 00 00 00 00 00-35 39 31 30 30 00 00 00 00 00       61600.....59100.....
10540  35 39 35 30 30 00 00 00 00 00-36 35 35 30 32 37 30 39 00 00       59500.....65502709..
10560  33 39 35 35 30 37 30 37 30 39-32 35 34 00 00 00 00 00 30 32       3955070709254.....02
10580  30 32 33 30 32 32 37 36 30 38-30 30 00 00 00 00 00 36 31 38       023022760800.....618
10600  30 30 00 00 00 00 00 36 30 32-30 30 00 00 00 00 00 36 30 35       00.....60200.....605
10620  30 30 00 00 00 00 00 34 38 36-37 38 36 34 35 00 00 32 39 35       00.....48678645..295
10640  37 39 32 30 36 31 36 37 38 30-00 00 00 00 00 30 32 30 32 33       7920616780.....02023
10660  30 32 32 30 36 32 39 30 30 00-00 00 00 00 36 33 30 30 30 00       022062900.....63000.
10680  00 00 00 00 36 31 30 30 30 00-00 00 00 00 36 31 33 30 30 00       ....61000.....61300.
10700  00 00 00 00 35 35 38 38 37 34-34 39 00 00 33 34 36 33 32 34       ....55887449..346324
10720  39 30 31 30 33 34 33 00 00 00-00 00 30 32 30 32 33 30 32 31       9010343.....02023021
10740  33 36 32 39 30 30 00 00 00 00-00 36 33 39 30 30 00 00 00 00       362900.....63900....
10760  00 36 32 30 30 30 00 00 00 00-00 36 32 36 30 30 00 00 00 00       .62000.....62600....
10780  00 35 37 36 35 35 32 32 35 00-00 33 36 32 39 37 31 32 30 31       .57655225..362971201
10800  39 36 33 33 00 00 00 00 00 30-32 30 32 33 30 32 30 36 36 32       9633.....02023020662
10820  38 30 30 00 00 00 00 00 36 33-33 30 30 00 00 00 00 00 36 31       800.....63300.....61
10840  36 30 30 00 00 00 00 00 36 32-38 30 30 00 00 00 00 00 36 33       600.....62800.....63
10860  38 31 30 39 36 31 00 00 33 39-38 39 37 39 38 38 34 36 35 30       810961..398979884650
10880  30 00 00 00 00 00 30 32 30 32-33 30 31 33 30 36 34 39 30 30       0.....02023013064900
10900  00 00 00 00 00 36 34 39 30 30-00 00 00 00 00 36 31 30 30 30       .....64900.....61000
10920  00 00 00 00 00 36 33 38 30 30-00 00 00 00 00 31 30 37 37 39       .....63800.....10779
10940  32 36 37 39 00 36 37 36 30 35-34 31 35 36 38 30 37 38 00 00       2679.6760541568078..
10960  00 00 00 30 32 30 32 33 30 31-32 35 36 33 35 30 30 00 00 00       ...02023012563500...
10980  00 00 36 35 30 30 30 00 00 00-00 00 36 33 30 30 30 00 00 00       ..65000.....63000...
11000  00 00 36 34 36 30 30 00 00 00-00 00 34 38 38 36 31 31 36 39       ..64600.....48861169
11020  00 00 33 31 32 35 33 37 34 33-39 32 38 39 31 00 00 00 00 00       ..3125374392891.....
11040  30 32 30 32 33 30 31 31 36 36-31 33 30 30 00 00 00 00 00 36       02023011661300.....6
11060  32 33 30 30 00 00 00 00 00 35-39 39 30 30 00 00 00 00 00 36       2300.....59900.....6
11080  31 38 30 30 00 00 00 00 00 35-33 39 31 30 32 38 36 00 00 33       1800.....53910286..3
11100  32 35 34 35 33 39 32 31 38 38-33 38 00 00 00 00 00 30 32 30       254539218838.....020
11120  32 33 30 31 30 39 35 39 37 30-30 00 00 00 00 00 36 31 32 30       23010959700.....6120
11140  30 00 00 00 00 00 35 39 36 30-30 00 00 00 00 00 36 30 38 30       0.....59600.....6080
11160  30 00 00 00 00 00 37 34 34 32-33 35 34 34 00 00 34 35 30 34       0.....74423544..4504
11180  30 35 30 38 37 30 30 33 32 00-00 00 00 00 30 32 30 32 33 30       050870032.....020230
11200  31 30 32 35 35 35 30 30 00 00-00 00 00 35 39 34 30 30 00 00       10255500.....59400..
11220  00 00 00 35 34 35 30 30 00 00-00 00 00 35 39 30 30 30 00 00       ...54500.....59000..
11240  00 00 00 37 36 37 38 34 33 36-34 00 00 34 33 38 38 35 34 39       ...76784364..4388549
11260  31 38 30 32 30 30 00 00 00 00-00 30 32 30 32 32 31 32 32 36       180200.....020221226
11280  35 38 30 30 30 00 00 00 00 00-35 38 34 30 30 00 00 00 00 00       58000.....58400.....
11300  35 35 33 30 30 00 00 00 00 00-35 35 33 30 30 00 00 00 00 00       55300.....55300.....
11320  34 33 33 38 34 37 38 33 00 00-32 34 37 33 32 30 36 34 34 36       43384783..2473206446
11340  36 35 30 00 00 00 00 00 30 32-30 32 32 31 32 31 39 35 39 35       650.....020221219595
11360  30 30 00 00 00 00 00 35 39 39-30 30 00 00 00 00 00 35 37 37       00.....59900.....577
11380  30 30 00 00 00 00 00 35 38 31-30 30 00 00 00 00 00 34 37 38       00.....58100.....478
11400  38 37 39 35 36 00 00 32 38 30-36 31 37 38 38 35 36 34 33 36       87956..2806178856436
11420  00 00 00 00 00 30 32 30 32 32-31 32 31 32 35 39 39 30 30 00       .....02022121259900.
11440  00 00 00 00 36 30 36 30 30 00-00 00 00 00 35 38 33 30 30 00       ....60600.....58300.
11460  00 00 00 00 35 39 35 30 30 00-00 00 00 00 34 38 30 33 34 34       ....59500.....480344
11480  36 35 00 00 32 38 36 32 39 38-34 39 32 37 39 38 33 00 00 00       65..2862984927983...
11500  00 00 30 32 30 32 32 31 32 30-35 36 30 39 30 30 00 00 00 00       ..02022120560900....
11520  00 36 31 31 30 30 00 00 00 00-00 35 38 35 30 30 00 00 00 00       .61100.....58500....
11540  00 36 30 34 30 30 00 00 00 00-00 36 33 32 37 33 31 39 36 00       .60400.....63273196.
11560  00 33 37 37 34 30 32 36 35 36-38 37 38 30 00 00 00 00 00 30       .3774026568780.....0
11580  32 30 32 32 31 31 32 38 36 30-35 30 30 00 00 00 00 00 36 33       2022112860500.....63
11600  32 30 30 00 00 00 00 00 35 39-38 30 30 00 00 00 00 00 36 30       200.....59800.....60
11620  34 30 30 00 00 00 00 00 36 37-33 33 34 37 32 34 00 00 34 31       400.....67334724..41
11640  33 36 35 37 34 35 38 30 32 38-37 00 00 00 00 00 30 32 30 32       36574580287.....0202
11660  32 31 31 32 31 36 31 34 30 30-00 00 00 00 00 36 31 38 30 30       2112161400.....61800
11680  00 00 00 00 00 36 30 33 30 30-00 00 00 00 00 36 31 30 30 30       .....60300.....61000
11700  00 00 00 00 00 34 32 33 35 37-33 37 39 00 00 32 35 38 35 30       .....42357379..25850
11720  35 30 36 32 34 34 35 39 00 00-00 00 00 30 32 30 32 32 31 31       50624459.....0202211
11740  31 34 36 32 39 30 30 00 00 00-00 00 36 32 39 30 30 00 00 00       1462900.....62900...
11760  00 00 36 31 33 30 30 00 00 00-00 00 36 31 38 30 30 00 00 00       ..61300.....61800...
11780  00 00 36 36 37 32 38 34 36 31-00 00 34 31 33 38 32 36 32 38       ..66728461..41382628
11800  35 33 33 34 33 00 00 00 00 00-30 32 30 32 32 31 31 30 37 35       53343.....0202211075
11820  39 37 30 30 00 00 00 00 00 36-33 32 30 30 00 00 00 00 00 35       9700.....63200.....5
11840  39 34 30 30 00 00 00 00 00 36-32 39 30 30 00 00 00 00 00 38       9400.....62900.....8
11860  35 38 38 31 35 33 32 00 00 35-32 38 31 31 30 36 33 34 30 30       5881532..52811063400
11880  39 33 00 00 00 00 00 30 32 30-32 32 31 30 33 31 35 38 31 30       93.....0202210315810
11900  30 00 00 00 00 00 36 30 33 30-30 00 00 00 00 00 35 38 30 30       0.....60300.....5800
11920  30 00 00 00 00 00 35 39 34 30-30 00 00 00 00 00 37 39 33 34       0.....59400.....7934
11940  32 30 38 33 00 00 34 37 30 37-36 33 31 38 31 38 33 37 32 00       2083..4707631818372.
11960  00 00 00 00 30 32 30 32 32 31-30 32 34 35 37 30 30 30 00 00       ....02022102457000..
11980  00 00 00 36 30 31 30 30 00 00-00 00 00 35 36 37 30 30 00 00       ...60100.....56700..
12000  00 00 00 35 37 33 30 30 00 00-00 00 00 39 37 38 35 36 37 39       ...57300.....9785679
12020  37 00 00 35 37 31 34 38 30 34-38 34 39 32 38 37 00 00 00 00       7..5714804849287....
12040  00 30 32 30 32 32 31 30 31 37-35 35 38 30 30 00 00 00 00 00       .02022101755800.....
12060  35 37 31 30 30 00 00 00 00 00-35 35 31 30 30 00 00 00 00 00       57100.....55100.....
12080  35 35 39 30 30 00 00 00 00 00-36 39 36 38 36 39 34 35 00 00       55900.....69686945..
12100  33 39 30 35 39 33 38 38 33 37-38 32 31 00 00 00 00 00 30 32       3905938837821.....02
12120  30 32 32 31 30 31 31 35 34 34-30 30 00 00 00 00 00 35 37 30       022101154400.....570
12140  30 30 00 00 00 00 00 35 34 30-30 30 00 00 00 00 00 35 36 33       00.....54000.....563
12160  30 30 00 00 00 00 00 36 36 35-35 35 37 31 35 00 00 33 36 39       00.....66555715..369
12180  37 32 32 33 31 39 33 38 32 35-00 00 00 00 00 30 32 30 32 32       7223193825.....02022
12200  31 30 30 34 35 35 33 30 30 00-00 00 00 00 35 37 33 30 30 00       100455300.....57300.
12220  00 00 00 00 35 34 35 30 30 00-00 00 00 00 35 36 32 30 30 00       ....54500.....56200.
12240  00 00 00 00 37 33 34 33 38 36-36 34 00 00 34 31 31 35 38 39       ....73438664..411589
12260  35 36 32 37 35 38 36 00 00 00-00 00 30 32 30 32 32 30 39 32       5627586.....02022092
12280  36 35 33 37 30 30 00 00 00 00-00 35 34 34 30 30 00 00 00 00       653700.....54400....
12300  00 35 31 38 30 30 00 00 00 00-00 35 33 31 30 30 00 00 00 00       .51800.....53100....
12320  00 38 38 30 31 36 31 39 36 00-00 34 36 39 34 32 33 37 36 31       .88016196..469423761
12340  32 32 32 33 00 00 00 00 00 30-32 30 32 32 30 39 31 39 35 36       2223.....02022091956
12360  33 30 30 00 00 00 00 00 35 37-30 30 30 00 00 00 00 00 35 34       300.....57000.....54
12380  32 30 30 00 00 00 00 00 35 34-35 30 30 00 00 00 00 00 36 31       200.....54500.....61
12400  35 32 36 32 39 32 00 00 33 34-30 38 35 34 37 33 34 34 36 31       526292..340854734461
12420  35 00 00 00 00 00 30 32 30 32-32 30 39 31 33 35 37 30 30 30       5.....02022091357000
12440  00 00 00 00 00 35 38 35 30 30-00 00 00 00 00 35 35 35 30 30       .....58500.....55500
12460  00 00 00 00 00 35 36 32 30 30-00 00 00 00 00 35 34 38 31 32       .....56200.....54812
12480  38 36 34 00 00 33 31 31 31 30-31 39 32 39 32 36 39 33 00 00       864..3111019292693..
12500  00 00 00 30 32 30 32 32 30 39-30 35 35 37 34 30 30 00 00 00       ...02022090557400...
12520  00 00 35 37 38 30 30 00 00 00-00 00 35 35 36 30 30 00 00 00       ..57800.....55600...
12540  00 00 35 35 36 30 30 00 00 00-00 00 35 34 33 31 33 39 33 33       ..55600.....54313933
12560  00 00 33 30 36 35 30 39 37 36-37 32 39 38 34 00 00 00 00 00       ..3065097672984.....
12580  30 32 30 32 32 30 38 32 39 35-38 37 30 30 00 00 00 00 00 35       02022082958700.....5
12600  39 39 30 30 00 00 00 00 00 35-37 35 30 30 00 00 00 00 00 35       9900.....57500.....5
12620  37 35 30 30 00 00 00 00 00 36-33 36 38 30 39 37 32 00 00 33       7500.....63680972..3
12640  37 33 31 30 34 36 34 39 33 34-35 32 00 00 00 00 00 30 32 30       731046493452.....020
12660  32 32 30 38 32 32 36 30 33 30-30 00 00 00 00 00 36 30 39 30       22082260300.....6090
12680  30 00 00 00 00 00 35 39 30 30-30 00 00 00 00 00 36 30 30 30       0.....59000.....6000
12700  30 00 00 00 00 00 34 31 34 35-37 38 37 37 00 00 32 34 37 32       0.....41457877..2472
12720  36 31 37 38 33 31 37 35 30 00-00 00 00 00 30 32 30 32 32 30       617831750.....020220
12740  38 31 36 36 30 35 30 30 00 00-00 00 00 36 31 39 30 30 00 00       81660500.....61900..
12760  00 00 00 36 30 30 30 30 00 00-00 00 00 36 30 39 30 30 00 00       ...60000.....60900..
12780  00 00 00 34 37 33 39 34 36 37-38 00 00 32 38 38 37 34 37 30       ...47394678..2887470
12800  39 33 36 38 30 30 00 00 00 00-00 30 32 30 32 32 30 38 30 38       936800.....020220808
12820  36 31 34 30 30 00 00 00 00 00-36 31 34 30 30 00 00 00 00 00       61400.....61400.....
12840  35 38 36 30 30 00 00 00 00 00-36 30 32 30 30 00 00 00 00 00       58600.....60200.....
12860  37 33 35 37 37 32 36 38 00 00-34 34 30 31 34 30 35 35 38 38       73577268..4401405588
12880  34 39 34 00 00 00 00 00 30 32-30 32 32 30 38 30 31 36 31 30       494.....020220801610
12900  30 30 00 00 00 00 00 36 31 39-30 30 00 00 00 00 00 36 30 33       00.....61900.....603
12920  30 30 00 00 00 00 00 36 31 35-30 30 00 00 00 00 00 35 35 35       00.....61500.....555
12940  31 36 36 33 31 00 00 33 34 30-36 35 30 31 32 32 39 35 30 30       16631..3406501229500
12960  00 00 00 00 00 30 32 30 32 32-30 37 32 35 36 30 39 30 30 00       .....02022072560900.
12980  00 00 00 00 36 32 36 30 30 00-00 00 00 00 36 30 38 30 30 00       ....62600.....60800.
13000  00 00 00 00 36 31 34 30 30 00-00 00 00 00 34 38 39 35 30 33       ....61400.....489503
13020  31 31 00 00 33 30 32 30 38 34-33 34 32 35 37 30 30 00 00 00       11..3020843425700...
13040  00 00 30 32 30 32 32 30 37 31-38 36 30 36 30 30 00 00 00 00       ..02022071860600....
13060  00 36 32 32 30 30 00 00 00 00-00 36 30 32 30 30 00 00 00 00       .62200.....60200....
13080  00 36 31 33 30 30 00 00 00 00-00 37 35 34 31 35 37 30 30 00       .61300.....75415700.
13100  00 34 36 31 36 33 31 33 39 32-38 32 39 37 00 00 00 00 00 30       .4616313928297.....0
13120  32 30 32 32 30 37 31 31 35 39-33 30 30 00 00 00 00 00 36 30       2022071159300.....60
13140  30 30 30 00 00 00 00 00 35 37-34 30 30 00 00 00 00 00 36 30       000.....57400.....60
13160  30 30 30 00 00 00 00 00 36 36-39 37 32 35 39 35 00 00 33 39       000.....66972595..39
13180  32 30 33 33 34 33 38 36 39 33-35 00 00 00 00 00 30 32 30 32       20334386935.....0202
13200  32 30 37 30 34 35 36 31 30 30-00 00 00 00 00 35 39 33 30 30       2070456100.....59300
13220  00 00 00 00 00 35 35 37 30 30-00 00 00 00 00 35 38 37 30 30       .....55700.....58700
13240  00 00 00 00 00 38 35 35 30 36-32 33 30 00 00 34 39 32 33 35       .....85506230..49235
13260  30 30 32 34 37 35 30 31 00 00-00 00 00 30 32 30 32 32 30 36       00247501.....0202206
13280  32 37 35 39 30 30 30 00 00 00-00 00 35 39 39 30 30 00 00 00       2759000.....59900...
13300  00 00 35 35 39 30 30 00 00 00-00 00 35 36 32 30 30 00 00 00       ..55900.....56200...
13320  00 00 39 30 32 33 37 31 35 31-00 00 35 32 32 32 32 37 30 38       ..90237151..52222708
13340  36 30 39 32 33 00 00 00 00 00-30 32 30 32 32 30 36 32 30 35       60923.....0202206205
13360  39 38 30 30 00 00 00 00 00 35-39 39 30 30 00 00 00 00 00 35       9800.....59900.....5
13380  36 38 30 30 00 00 00 00 00 35-38 34 30 30 00 00 00 00 00 31       6800.....58400.....1
13400  33 34 31 38 38 38 31 33 00 37-38 31 38 34 36 33 36 33 39 33       34188813.78184636393
13420  31 35 00 00 00 00 00 30 32 30-32 32 30 36 31 33 36 32 34 30       15.....0202206136240
13440  30 00 00 00 00 00 36 32 38 30-30 00 00 00 00 00 35 39 34 30       0.....62800.....5940
13460  30 00 00 00 00 00 35 39 38 30-30 00 00 00 00 00 31 32 36 30       0.....59800.....1260
13480  32 33 38 30 34 00 37 36 39 33-35 32 34 38 37 37 34 30 33 00       23804.7693524877403.
13500  00 00 00 00 30 32 30 32 32 30-36 30 37 36 36 32 30 30 00 00       ....02022060766200..
13520  00 00 00 36 36 34 30 30 00 00-00 00 00 36 33 38 30 30 00 00       ...66400.....63800..
13540  00 00 00 36 33 38 30 30 00 00-00 00 00 37 39 38 32 33 32 31       ...63800.....7982321
13560  32 00 00 35 31 38 33 38 33 32-38 37 39 32 35 32 00 00 00 00       2..5183832879252....
13580  00 30 32 30 32 32 30 35 33 30-36 37 35 30 30 00 00 00 00 00       .02022053067500.....
13600  36 37 38 30 30 00 00 00 00 00-36 36 34 30 30 00 00 00 00 00       67800.....66400.....
13620  36 36 38 30 30 00 00 00 00 00-36 31 38 30 32 38 31 32 00 00       66800.....61802812..
13640  34 31 34 35 37 30 32 32 33 38-30 33 38 00 00 00 00 00 30 32       4145702238038.....02
13660  30 32 32 30 35 32 33 36 38 38-30 30 00 00 00 00 00 36 38 38       022052368800.....688
13680  30 30 00 00 00 00 00 36 35 35-30 30 00 00 00 00 00 36 36 35       00.....65500.....665
13700  30 30 00 00 00 00 00 37 31 36-39 33 35 39 39 00 00 34 37 39       00.....71693599..479
13720  30 39 37 32 35 35 35 38 30 30-00 00 00 00 00 30 32 30 32 32       0972555800.....02022
13740  30 35 31 36 36 37 31 30 30 00-00 00 00 00 36 38 37 30 30 00       051667100.....68700.
13760  00 00 00 00 36 36 31 30 30 00-00 00 00 00 36 38 30 30 30 00       ....66100.....68000.
13780  00 00 00 00 37 33 32 38 37 37-31 39 00 00 34 39 34 38 37 36       ....73287719..494876
13800  31 30 35 39 35 39 33 00 00 00-00 00 30 32 30 32 32 30 35 30       1059593.....02022050
13820  39 36 36 33 30 30 00 00 00 00-00 36 36 39 30 30 00 00 00 00       966300.....66900....
13840  00 36 34 39 30 30 00 00 00 00-00 36 36 35 30 30 00 00 00 00       .64900.....66500....
13860  00 37 32 33 39 30 39 38 35 00-00 34 37 36 34 30 39 30 32 33       .72390985..476409023
13880  38 39 35 30 00 00 00 00 00 30-32 30 32 32 30 35 30 32 36 36       8950.....02022050266
13900  36 30 30 00 00 00 00 00 36 38-34 30 30 00 00 00 00 00 36 36       600.....68400.....66
13920  35 30 30 00 00 00 00 00 36 36-35 30 30 00 00 00 00 00 35 34       500.....66500.....54
13940  31 33 36 34 36 33 00 00 33 36-34 37 30 36 37 38 34 34 33 33       136463..364706784433
13960  35 00 00 00 00 00 30 32 30 32-32 30 34 32 35 36 36 35 30 30       5.....02022042566500
13980  00 00 00 00 00 36 37 36 30 30-00 00 00 00 00 36 34 35 30 30       .....67600.....64500
14000  00 00 00 00 00 36 37 34 30 30-00 00 00 00 00 38 35 31 37 31       .....67400.....85171
14020  33 39 38 00 00 35 36 31 31 33-36 33 38 31 33 31 37 38 00 00       398..5611363813178..
14040  00 00 00 30 32 30 32 32 30 34-31 38 36 36 35 30 30 00 00 00       ...02022041866500...
14060  00 00 36 38 33 30 30 00 00 00-00 00 36 36 31 30 30 00 00 00       ..68300.....66100...
14080  00 00 36 37 30 30 30 00 00 00-00 00 36 34 34 31 30 38 35 36       ..67000.....64410856
14100  00 00 34 33 32 39 39 33 34 31-33 35 34 33 31 00 00 00 00 00       ..4329934135431.....
14120  30 32 30 32 32 30 34 31 31 36-37 38 30 30 00 00 00 00 00 36       02022041167800.....6
14140  39 30 30 30 00 00 00 00 00 36-36 35 30 30 00 00 00 00 00 36       9000.....66500.....6
14160  36 36 30 30 00 00 00 00 00 37-33 31 35 32 36 35 32 00 00 34       6600.....73152652..4
14180  39 34 32 34 34 32 38 36 31 35-30 30 00 00 00 00 00 30 32 30       942442861500.....020
14200  32 32 30 34 30 34 36 38 39 30-30 00 00 00 00 00 36 39 36 30       22040468900.....6960
14220  30 00 00 00 00 00 36 37 37 30-30 00 00 00 00 00 36 37 38 30       0.....67700.....6780
14240  30 00 00 00 00 00 37 31 32 32-38 39 37 39 00 00 34 38 37 38       0.....71228979..4878
14260  32 38 32 32 35 39 30 30 33 00-00 00 00 00 30 32 30 32 32 30       282259003.....020220
14280  33 32 38 36 39 35 30 30 00 00-00 00 00 37 30 35 30 30 00 00       32869500.....70500..
14300  00 00 00 36 39 30 30 30 00 00-00 00 00 36 39 31 30 30 00 00       ...69000.....69100..
14320  00 00 00 36 37 34 30 32 38 39-36 00 00 34 36 39 37 39 31 30       ...67402896..4697910
14340  39 38 37 39 35 30 00 00 00 00-00 30 32 30 32 32 30 33 32 31       987950.....020220321
14360  37 30 39 30 30 00 00 00 00 00-37 31 32 30 30 00 00 00 00 00       70900.....71200.....
14380  36 39 36 30 30 00 00 00 00 00-36 39 38 30 30 00 00 00 00 00       69600.....69800.....
14400  38 33 38 39 39 30 36 30 00 00-35 38 35 35 32 38 36 31 35 36       83899060..5855286156
14420  32 30 30 00 00 00 00 00 30 32-30 32 32 30 33 31 34 37 30 30       200.....020220314700
14440  30 30 00 00 00 00 00 37 31 38-30 30 00 00 00 00 00 36 39 35       00.....71800.....695
14460  30 30 00 00 00 00 00 37 30 37-30 30 00 00 00 00 00 36 31 35       00.....70700.....615
14480  33 31 36 35 38 00 00 34 33 33-37 35 34 39 33 36 36 32 32 33       31658..4337549366223
14500  00 00 00 00 00 30 32 30 32 32-30 33 30 37 37 30 30 30 30 00       .....02022030770000.
14520  00 00 00 00 37 31 32 30 30 00-00 00 00 00 36 38 37 30 30 00       ....71200.....68700.
14540  00 00 00 00 37 30 30 30 30 00-00 00 00 00 37 31 33 39 32 33       ....70000.....713923
14560  31 30 00 00 35 30 31 32 30 39-30 31 32 35 34 37 36 00 00 00       10..5012090125476...
14580  00 00 30 32 30 32 32 30 32 32-38 37 31 31 30 30 00 00 00 00       ..02022022871100....
14600  00 37 33 31 30 30 00 00 00 00-00 37 31 30 30 30 00 00 00 00       .73100.....71000....
14620  00 37 31 35 30 30 00 00 00 00-00 35 36 39 30 35 34 38 35 00       .71500.....56905485.
14640  00 34 30 39 32 38 36 38 33 39-31 39 32 30 00 00 00 00 00 30       .4092868391920.....0
14660  32 30 32 32 30 32 32 31 37 33-32 30 30 00 00 00 00 00 37 34       2022022173200.....74
14680  33 30 30 00 00 00 00 00 37 31-33 30 30 00 00 00 00 00 37 31       300.....71300.....71
14700  39 30 30 00 00 00 00 00 36 31-35 30 37 39 31 37 00 00 34 34       900.....61507917..44
14720  36 35 31 33 36 31 36 33 32 39-31 00 00 00 00 00 30 32 30 32       65136163291.....0202
14740  32 30 32 31 34 37 34 34 30 30-00 00 00 00 00 37 35 36 30 30       2021474400.....75600
14760  00 00 00 00 00 37 33 31 30 30-00 00 00 00 00 37 34 33 30 30       .....73100.....74300
14780  00 00 00 00 00 35 37 38 30 38-36 31 34 00 00 34 32 39 33 34       .....57808614..42934
14800  30 32 34 38 39 30 30 30 00 00-00 00 00 30 32 30 32 32 30 32       02489000.....0202202
14820  30 37 37 33 35 30 30 00 00 00-00 00 37 35 38 30 30 00 00 00       0773500.....75800...
14840  00 00 37 32 34 30 30 00 00 00-00 00 37 34 39 30 30 00 00 00       ..72400.....74900...
14860  00 00 36 35 36 32 38 30 36 36-00 00 34 38 37 36 31 35 39 37       ..65628066..48761597
14880  32 32 39 39 32 00 00 00 00 00-30 32 30 32 32 30 32 30 33 37       22992.....0202202037
14900  34 39 30 30 00 00 00 00 00 37-34 39 30 30 00 00 00 00 00 37       4900.....74900.....7
14920  33 33 30 30 00 00 00 00 00 37-34 30 30 30 00 00 00 00 00 33       3300.....74000.....3
14940  30 34 37 34 37 35 35 00 00 32-32 35 35 39 31 39 31 39 30 36       0474755..22559191906
14960  34 34 00 00 00 00 00 30 32 30-32 32 30 31 32 34 37 35 34 30       44.....0202201247540
14980  30 00 00 00 00 00 37 35 38 30-30 00 00 00 00 00 37 31 32 30       0.....75800.....7120
15000  30 00 00 00 00 00 37 33 33 30-30 00 00 00 00 00 38 38 30 37       0.....73300.....8807
15020  36 37 39 32 00 00 36 34 35 33-37 39 35 33 37 32 32 37 38 00       6792..6453795372278.
15040  00 00 00 00 30 32 30 32 32 30-31 31 37 37 37 36 30 30 00 00       ....02022011777600..
15060  00 00 00 37 37 38 30 30 00 00-00 00 00 37 34 37 30 30 00 00       ...77800.....74700..
15080  00 00 00 37 35 36 30 30 00 00-00 00 00 35 34 34 35 39 32 35       ...75600.....5445925
15100  36 00 00 34 31 35 36 37 37 39-35 33 30 35 30 32 00 00 00 00       6..4156779530502....
15120  00 30 32 30 32 32 30 31 31 30-37 38 31 30 30 00 00 00 00 00       .02022011078100.....
15140  37 39 36 30 30 00 00 00 00 00-37 37 31 30 30 00 00 00 00 00       79600.....77100.....
15160  37 37 33 30 30 00 00 00 00 00-35 38 31 35 35 31 37 33 00 00       77300.....58155173..
15180  34 35 35 30 36 35 38 39 34 33-32 37 32 00 00 00 00 00 30 32       4550658943272.....02
15200  30 32 32 30 31 30 33 37 39 34-30 30 00 00 00 00 00 37 39 38       022010379400.....798
15220  30 30 00 00 00 00 00 37 36 34-30 30 00 00 00 00 00 37 38 33       00.....76400.....783
15240  30 30 00 00 00 00 00 37 39 34-39 35 38 37 39 00 00 36 31 39       00.....79495879..619
15260  32 34 35 33 39 34 35 38 32 30-00 00 00 00 00 30 32 30 32 31       2453945820.....02021
15280  31 32 32 37 38 30 36 30 30 00-00 00 00 00 38 30 36 30 30 00       122780600.....80600.
15300  00 00 00 00 37 38 31 30 30 00-00 00 00 00 37 38 33 30 30 00       ....78100.....78300.
15320  00 00 00 00 36 33 30 34 31 31-38 38 00 00 35 30 31 32 33 30       ....63041188..501230
15340  39 32 35 39 34 30 30 00 00 00-00 00 30 32 30 32 31 31 32 32       9259400.....02021122
15360  30 37 37 36 30 30 00 00 00 00-00 38 30 38 30 30 00 00 00 00       077600.....80800....
15380  00 37 36 38 30 30 00 00 00 00-00 38 30 35 30 30 00 00 00 00       .76800.....80500....
15400  00 36 38 32 37 39 34 34 33 00-00 35 33 39 31 36 35 39 35 31       .68279443..539165951
15420  32 32 34 35 00 00 00 00 00 30-32 30 32 31 31 32 31 33 37 37       2245.....02021121377
15440  32 30 30 00 00 00 00 00 37 38-35 30 30 00 00 00 00 00 37 36       200.....78500.....76
15460  32 30 30 00 00 00 00 00 37 38-30 30 30 00 00 00 00 00 36 30       200.....78000.....60
15480  37 30 34 39 35 36 00 00 34 36-39 34 34 31 34 31 34 35 39 39       704956..469441414599
15500  37 00 00 00 00 00 30 32 30 32-31 31 32 30 36 37 35 31 30 30       7.....02021120675100
15520  00 00 00 00 00 37 38 36 30 30-00 00 00 00 00 37 34 39 30 30       .....78600.....74900
15540  00 00 00 00 00 37 36 39 30 30-00 00 00 00 00 38 37 39 34 31       .....76900.....87941
15560  37 39 30 00 00 36 37 37 33 33-32 36 34 36 32 35 34 30 00 00       790..6773326462540..
15580  00 00 00 30 32 30 32 31 31 31-32 39 37 31 37 30 30 00 00 00       ...02021112971700...
15600  00 00 37 36 30 30 30 00 00 00-00 00 37 30 35 30 30 00 00 00       ..76000.....70500...
15620  00 00 37 35 36 30 30 00 00 00-00 00 31 31 30 39 38 35 34 33       ..75600.....11098543
15640  36 00 38 31 35 35 38 31 33 38-30 37 38 35 34 00 00 00 00 00       6.8155813807854.....
15660  30 32 30 32 31 31 31 32 32 37-33 33 30 30 00 00 00 00 00 37       02021112273300.....7
15680  36 32 30 30 00 00 00 00 00 37-32 30 30 30 00 00 00 00 00 37       6200.....72000.....7
15700  32 33 30 30 00 00 00 00 00 39-30 37 34 39 36 32 33 00 00 36       2300.....90749623..6
15720  37 35 32 30 39 35 30 39 37 31-31 39 00 00 00 00 00 30 32 30       752095097119.....020
15740  32 31 31 31 31 35 37 31 37 30-30 00 00 00 00 00 37 32 30 30       21111571700.....7200
15760  30 00 00 00 00 00 37 30 31 30-30 00 00 00 00 00 37 31 32 30       0.....70100.....7120
15780  30 00 00 00 00 00 35 36 34 36-37 32 34 30 00 00 34 30 31 33       0.....56467240..4013
15800  37 30 36 35 38 30 37 30 38 00-00 00 00 00 30 32 30 32 31 31       706580708.....020211
15820  31 30 38 37 30 34 30 30 00 00-00 00 00 37 31 30 30 30 00 00       10870400.....71000..
15840  00 00 00 36 39 36 30 30 00 00-00 00 00 37 30 36 30 30 00 00       ...69600.....70600..
15860  00 00 00 35 33 32 38 30 31 35-31 00 00 33 37 34 33 36 37 30       ...53280151..3743670
15880  30 34 33 31 34 31 00 00 00 00-00 30 32 30 32 31 31 31 30 31       043141.....020211101
15900  37 30 32 30 30 00 00 00 00 00-37 32 32 30 30 00 00 00 00 00       70200.....72200.....
15920  36 39 39 30 30 00 00 00 00 00-37 30 32 30 30 00 00 00 00 00       69900.....70200.....
15940  36 35 35 37 33 34 35 37 00 00-34 36 34 37 37 38 37 33 35 32       65573457..4647787352
15960  33 37 36 00 00 00 00 00 30 32-30 32 31 31 30 32 35 36 39 39       376.....020211025699
15980  30 30 00 00 00 00 00 37 32 32-30 30 00 00 00 00 00 36 39 35       00.....72200.....695
16000  30 30 00 00 00 00 00 36 39 38-30 30 00 00 00 00 00 36 38 35       00.....69800.....685
16020  31 34 32 34 32 00 00 34 38 32-38 36 32 32 32 36 39 37 36 31       14242..4828622269761
16040  00 00 00 00 00 30 32 30 32 31-31 30 31 38 37 30 32 30 30 00       .....02021101870200.
16060  00 00 00 00 37 31 30 30 30 00-00 00 00 00 36 39 32 30 30 00       ....71000.....69200.
16080  00 00 00 00 37 30 34 30 30 00-00 00 00 00 35 32 34 33 32 35       ....70400.....524325
16100  36 32 00 00 33 36 38 36 32 35-32 39 30 37 32 30 30 00 00 00       62..3686252907200...
16120  00 00 30 32 30 32 31 31 30 31-32 37 30 37 30 30 00 00 00 00       ..02021101270700....
16140  00 37 31 30 30 30 00 00 00 00-00 36 38 33 30 30 00 00 00 00       .71000.....68300....
16160  00 37 30 31 30 30 00 00 00 00-00 39 32 37 34 35 37 35 32 00       .70100.....92745752.
16180  00 36 34 34 34 33 36 38 30 38-35 36 38 39 00 00 00 00 00 30       .6444368085689.....0
16200  32 30 32 31 31 30 30 35 37 33-30 30 30 00 00 00 00 00 37 33       2021100573000.....73
16220  30 30 30 00 00 00 00 00 37 31-32 30 30 00 00 00 00 00 37 31       000.....71200.....71
16240  35 30 30 00 00 00 00 00 37 30-36 39 37 37 30 32 00 00 35 30       500.....70697702..50
16260  38 31 33 33 34 39 32 37 31 33-38 00 00 00 00 00 30 32 30 32       81334927138.....0202
16280  31 30 39 32 37 37 37 33 30 30-00 00 00 00 00 37 37 38 30 30       1092777300.....77800
16300  00 00 00 00 00 37 32 39 30 30-00 00 00 00 00 37 33 32 30 30       .....72900.....73200
16320  00 00 00 00 00 38 36 38 32 31-33 39 34 00 00 36 35 30 37 38       .....86821394..65078
16340  39 39 38 33 38 37 35 37 00 00-00 00 00 30 32 30 32 31 30 39       99838757.....0202109
16360  32 33 37 37 35 30 30 00 00 00-00 00 37 37 37 30 30 00 00 00       2377500.....77700...
16380  00 00 37 36 38 30 30 00 00 00-00 00 37 37 33 30 30 00 00 00       ..76800.....77300...
16400  00 00 32 39 33 30 32 38 36 34-00 00 32 32 36 35 36 36 38 31       ..29302864..22656681
16420  33 38 39 32 35 00 00 00 00 00-30 32 30 32 31 30 39 31 33 37       38925.....0202109137
16440  35 32 30 30 00 00 00 00 00 37-37 37 30 30 00 00 00 00 00 37       5200.....77700.....7
16460  35 31 30 30 00 00 00 00 00 37-37 32 30 30 00 00 00 00 00 37       5100.....77200.....7
16480  31 37 35 31 30 38 34 00 00 35-35 30 38 32 37 39 33 37 36 36       1751084..55082793766
16500  39 37 00 00 00 00 00 30 32 30-32 31 30 39 30 36 37 36 38 30       97.....0202109067680
16520  30 00 00 00 00 00 37 37 36 30-30 00 00 00 00 00 37 34 38 30       0.....77600.....7480
16540  30 00 00 00 00 00 37 35 33 30-30 00 00 00 00 00 36 35 36 30       0.....75300.....6560
16560  32 37 31 30 00 00 34 39 38 39-35 31 32 35 34 39 38 35 30 00       2710..4989512549850.
16580  00 00 00 00 30 32 30 32 31 30-38 33 30 37 35 34 30 30 00 00       ....02021083075400..
16600  00 00 00 37 37 31 30 30 00 00-00 00 00 37 34 32 30 30 00 00       ...77100.....74200..
16620  00 00 00 37 36 36 30 30 00 00-00 00 00 38 30 38 37 36 30 34       ...76600.....8087604
16640  39 00 00 36 31 33 37 30 33 30-39 30 36 37 38 30 00 00 00 00       9..6137030906780....
16660  00 30 32 30 32 31 30 38 32 33-37 33 33 30 30 00 00 00 00 00       .02021082373300.....
16680  37 36 36 30 30 00 00 00 00 00-37 33 30 30 30 00 00 00 00 00       76600.....73000.....
16700  37 34 33 30 30 00 00 00 00 00-39 34 35 36 35 34 36 37 00 00       74300.....94565467..
16720  37 30 37 30 31 37 36 38 35 37-39 35 30 00 00 00 00 00 30 32       7070176857950.....02
16740  30 32 31 30 38 31 37 37 34 30-30 30 00 00 00 00 00 37 35 31       021081774000.....751
16760  30 30 00 00 00 00 00 37 32 35-30 30 00 00 00 00 00 37 32 37       00.....72500.....727
16780  30 30 00 00 00 00 00 31 30 34-36 36 38 35 37 39 00 37 37 32       00.....104668579.772
16800  35 37 37 35 35 38 35 38 39 34-00 00 00 00 00 30 32 30 32 31       5775585894.....02021
16820  30 38 30 39 38 31 35 30 30 00-00 00 00 00 38 32 34 30 30 00       080981500.....82400.
16840  00 00 00 00 37 34 31 30 30 00-00 00 00 00 37 34 34 30 30 00       ....74100.....74400.
16860  00 00 00 00 31 36 39 37 36 32-32 32 33 00 31 33 31 35 32 36       ....169762223.131526
16880  35 36 32 30 36 33 37 39 00 00-00 00 30 32 30 32 31 30 38 30       56206379....02021080
16900  32 37 39 32 30 30 00 00 00 00-00 38 33 33 30 30 00 00 00 00       279200.....83300....
16920  00 37 38 37 30 30 00 00 00 00-00 38 31 35 30 30 00 00 00 00       .78700.....81500....
16940  00 39 33 35 34 38 39 34 34 00-00 37 36 32 39 36 30 36 35 39       .93548944..762960659
16960  32 30 34 36 00 00 00 00 00 30-32 30 32 31 30 37 32 36 37 39       2046.....02021072679
16980  34 30 30 00 00 00 00 00 37 39-35 30 30 00 00 00 00 00 37 38       400.....79500.....78
17000  31 30 30 00 00 00 00 00 37 38-35 30 30 00 00 00 00 00 36 32       100.....78500.....62
17020  33 39 35 39 34 39 00 00 34 39-31 35 39 31 30 37 33 38 38 31       395949..491591073881
17040  33 00 00 00 00 00 30 32 30 32-31 30 37 31 39 37 39 31 30 30       3.....02021071979100
17060  00 00 00 00 00 37 39 39 30 30-00 00 00 00 00 37 38 34 30 30       .....79900.....78400
17080  00 00 00 00 00 37 39 33 30 30-00 00 00 00 00 35 39 36 38 35       .....79300.....59685
17100  30 35 36 00 00 34 37 31 37 31-36 37 35 37 32 32 35 38 00 00       056..4717167572258..
17120  00 00 00 30 32 30 32 31 30 37-31 32 37 39 39 30 30 00 00 00       ...02021071279900...
17140  00 00 38 30 36 30 30 00 00 00-00 00 37 39 31 30 30 00 00 00       ..80600.....79100...
17160  00 00 37 39 38 30 30 00 00 00-00 00 35 35 38 33 32 38 37 32       ..79800.....55832872
17180  00 00 34 34 35 34 36 32 34 31-37 32 39 34 32 00 00 00 00 00       ..4454624172942.....
17200  30 32 30 32 31 30 37 30 35 38-30 31 30 30 00 00 00 00 00 38       02021070580100.....8
17220  31 33 30 30 00 00 00 00 00 37-39 30 30 30 00 00 00 00 00 37       1300.....79000.....7
17240  39 34 30 30 00 00 00 00 00 37-35 38 33 36 33 39 37 00 00 36       9400.....75836397..6
17260  30 38 32 39 39 35 36 34 38 32-30 34 00 00 00 00 00 30 32 30       082995648204.....020
17280  32 31 30 36 32 38 38 31 37 30-30 00 00 00 00 00 38 32 31 30       21062881700.....8210
17300  30 00 00 00 00 00 37 39 39 30-30 00 00 00 00 00 38 30 30 30       0.....79900.....8000
17320  30 00 00 00 00 00 36 32 37 34-37 34 36 38 00 00 35 30 37 35       0.....62747468..5075
17340  31 30 33 31 30 31 39 35 32 00-00 00 00 00 30 32 30 32 31 30       103101952.....020210
17360  36 32 31 37 39 37 30 30 00 00-00 00 00 38 31 39 30 30 00 00       62179700.....81900..
17380  00 00 00 37 39 36 30 30 00 00-00 00 00 38 31 36 30 30 00 00       ...79600.....81600..
17400  00 00 00 37 33 39 34 35 37 33-38 00 00 35 39 34 39 36 36 31       ...73945738..5949661
17420  39 38 31 39 34 30 00 00 00 00-00 30 32 30 32 31 30 36 31 34       981940.....020210614
17440  38 30 38 30 30 00 00 00 00 00-38 31 39 30 30 00 00 00 00 00       80800.....81900.....
17460  38 30 35 30 30 00 00 00 00 00-38 30 35 30 30 00 00 00 00 00       80500.....80500.....
17480  36 34 35 34 39 37 32 34 00 00-35 32 32 32 33 37 39 37 35 36       64549724..5222379756
17500  32 30 35 00 00 00 00 00 30 32-30 32 31 30 36 30 37 38 32 37       205.....020210607827
17520  30 30 00 00 00 00 00 38 32 38-30 30 00 00 00 00 00 38 30 37       00.....82800.....807
17540  30 30 00 00 00 00 00 38 31 30-30 30 00 00 00 00 00 37 35 38       00.....81000.....758
17560  36 31 32 30 33 00 00 36 31 38-35 34 31 31 36 34 36 35 37 35       61203..6185411646575
17580  00 00 00 00 00 30 32 30 32 31-30 35 33 31 38 30 33 30 30 00       .....02021053180300.
17600  00 00 00 00 38 33 30 30 30 00-00 00 00 00 37 39 36 30 30 00       ....83000.....79600.
17620  00 00 00 00 38 32 32 30 30 00-00 00 00 00 39 31 34 35 32 36       ....82200.....914526
17640  33 35 00 00 37 34 35 34 33 37-31 31 35 38 30 33 34 00 00 00       35..7454371158034...
17660  00 00 30 32 30 32 31 30 35 32-34 38 30 31 30 30 00 00 00 00       ..02021052480100....
17680  00 38 30 35 30 30 00 00 00 00-00 37 39 31 30 30 00 00 00 00       .80500.....79100....
17700  00 38 30 31 30 30 00 00 00 00-00 37 34 35 37 30 36 37 36 00       .80100.....74570676.
17720  00 35 39 35 33 37 36 31 37 31-37 32 38 35 00 00 00 00 00 30       .5953761717285.....0
17740  32 30 32 31 30 35 31 37 38 30-38 30 30 00 00 00 00 00 38 31       2021051780800.....81
17760  35 30 30 00 00 00 00 00 37 39-31 30 30 00 00 00 00 00 38 30       500.....79100.....80
17780  31 30 30 00 00 00 00 00 37 32-37 33 38 38 30 34 00 00 35 38       100.....72738804..58
17800  30 39 37 36 39 37 30 34 32 38-36 00 00 00 00 00 30 32 30 32       09769704286.....0202
17820  31 30 35 31 30 38 32 33 30 30-00 00 00 00 00 38 33 35 30 30       1051082300.....83500
17840  00 00 00 00 00 37 38 34 30 30-00 00 00 00 00 38 30 31 30 30       .....78400.....80100
17860  00 00 00 00 00 31 33 32 31 33-34 39 39 31 00 31 30 36 34 32       .....132134991.10642
17880  32 35 36 39 33 35 38 31 34 00-00 00 00 30 32 30 32 31 30 35       256935814....0202105
17900  30 33 38 31 30 30 30 00 00 00-00 00 38 32 36 30 30 00 00 00       0381000.....82600...
17920  00 00 38 31 30 30 30 00 00 00-00 00 38 31 39 30 30 00 00 00       ..81000.....81900...
17940  00 00 35 39 34 34 35 32 37 39-00 00 34 38 37 30 37 30 38 36       ..59445279..48707086
17960  35 30 37 30 30 00 00 00 00 00-30 32 30 32 31 30 34 32 36 38       50700.....0202104268
17980  32 39 30 30 00 00 00 00 00 38-33 35 30 30 00 00 00 00 00 38       2900.....83500.....8
18000  31 35 30 30 00 00 00 00 00 38-31 35 30 30 00 00 00 00 00 38       1500.....81500.....8
18020  32 37 30 32 34 30 30 00 00 36-38 30 36 31 39 38 31 31 32 32       2702400..68061981122
18040  38 33 00 00 00 00 00 30 32 30-32 31 30 34 31 39 38 33 38 30       83.....0202104198380
18060  30 00 00 00 00 00 38 34 30 30-30 00 00 00 00 00 38 31 36 30       0.....84000.....8160
18080  30 00 00 00 00 00 38 32 38 30-30 00 00 00 00 00 38 34 31 38       0.....82800.....8418
18100  35 31 38 31 00 00 36 39 38 33-35 38 38 32 37 38 34 34 30 00       5181..6983588278440.
18120  00 00 00 00 30 32 30 32 31 30-34 31 32 38 34 31 30 30 00 00       ....02021041284100..
18140  00 00 00 38 34 37 30 30 00 00-00 00 00 38 32 38 30 30 00 00       ...84700.....82800..
18160  00 00 00 38 33 39 30 30 00 00-00 00 00 37 33 37 35 35 30 37       ...83900.....7375507
18180  34 00 00 36 31 38 31 34 35 39-33 35 31 34 35 30 00 00 00 00       4..6181459351450....
18200  00 30 32 30 32 31 30 34 30 35-38 35 38 30 30 00 00 00 00 00       .02021040585800.....
18220  38 36 32 30 30 00 00 00 00 00-38 33 34 30 30 00 00 00 00 00       86200.....83400.....
18240  38 33 36 30 30 00 00 00 00 00-39 30 36 32 31 35 31 37 00 00       83600.....90621517..
18260  37 37 30 38 33 39 38 38 30 34-36 35 31 00 00 00 00 00 30 32       7708398804651.....02
18280  30 32 31 30 33 32 39 38 31 37-30 30 00 00 00 00 00 38 35 32       021032981700.....852
18300  30 30 00 00 00 00 00 38 31 30-30 30 00 00 00 00 00 38 34 38       00.....81000.....848
18320  30 30 00 00 00 00 00 38 36 39-38 38 33 34 39 00 00 37 31 39       00.....86988349..719
18340  35 33 38 37 31 30 36 38 31 36-00 00 00 00 00 30 32 30 32 31       5387106816.....02021
18360  30 33 32 32 38 32 30 30 30 00-00 00 00 00 38 32 39 30 30 00       032282000.....82900.
18380  00 00 00 00 38 30 37 30 30 00-00 00 00 00 38 31 35 30 30 00       ....80700.....81500.
18400  00 00 00 00 37 31 35 30 31 36-35 35 00 00 35 38 33 31 35 37       ....71501655..583157
18420  35 36 37 36 33 37 36 00 00 00-00 00 30 32 30 32 31 30 33 31       5676376.....02021031
18440  35 38 32 38 30 30 00 00 00 00-00 38 33 38 30 30 00 00 00 00       582800.....83800....
18460  00 38 31 38 30 30 00 00 00 00-00 38 31 39 30 30 00 00 00 00       .81800.....81900....
18480  00 37 32 31 30 39 34 32 35 00-00 35 39 34 38 31 39 33 30 30       .72109425..594819300
18500  33 38 34 36 00 00 00 00 00 30-32 30 32 31 30 33 30 38 38 32       3846.....02021030882
18520  39 30 30 00 00 00 00 00 38 33-35 30 30 00 00 00 00 00 38 30       900.....83500.....80
18540  36 30 30 00 00 00 00 00 38 32-38 30 30 00 00 00 00 00 31 30       600.....82800.....10
18560  30 34 34 39 33 31 32 00 38 32-32 31 31 33 30 39 39 35 36 38       0449312.822113099568
18580  33 00 00 00 00 00 30 32 30 32-31 30 33 30 32 38 35 31 30 30       3.....02021030285100
18600  00 00 00 00 00 38 35 33 30 30-00 00 00 00 00 38 31 31 30 30       .....85300.....81100
18620  00 00 00 00 00 38 32 31 30 30-00 00 00 00 00 39 38 32 33 37       .....82100.....98237
18640  36 31 34 00 00 38 31 37 30 35-38 37 37 37 34 35 38 33 00 00       614..8170587774583..
18660  00 00 00 30 32 30 32 31 30 32-32 32 38 33 38 30 30 00 00 00       ...02021022283800...
18680  00 00 38 35 34 30 30 00 00 00-00 00 38 31 31 30 30 00 00 00       ..85400.....81100...
18700  00 00 38 32 35 30 30 00 00 00-00 00 31 34 35 34 39 31 36 33       ..82500.....14549163
18720  37 00 31 32 30 36 32 32 34 37-37 36 38 39 30 36 00 00 00 00       7.12062247768906....
18740  30 32 30 32 31 30 32 31 35 38-33 38 30 30 00 00 00 00 00 38       02021021583800.....8
18760  36 30 30 30 00 00 00 00 00 38-31 30 30 30 00 00 00 00 00 38       6000.....81000.....8
18780  32 36 30 30 00 00 00 00 00 31-30 39 35 32 39 31 30 33 00 39       2600.....109529103.9
18800  31 32 38 38 34 37 33 38 31 38-35 36 00 00 00 00 00 30 32 30       128847381856.....020
18820  32 31 30 32 30 38 38 33 38 30-30 00 00 00 00 00 38 34 38 30       21020883800.....8480
18840  30 00 00 00 00 00 38 31 36 30-30 00 00 00 00 00 38 31 36 30       0.....81600.....8160
18860  30 00 00 00 00 00 35 39 32 36-32 38 36 33 00 00 34 39 31 38       0.....59262863..4918
18880  39 35 37 34 33 31 39 32 39 00-00 00 00 00 30 32 30 32 31 30       957431929.....020210
18900  32 30 31 38 31 37 30 30 00 00-00 00 00 38 36 34 30 30 00 00       20181700.....86400..
18920  00 00 00 38 31 30 30 30 00 00-00 00 00 38 33 35 30 30 00 00       ...81000.....83500..
18940  00 00 00 31 31 38 36 36 39 36-33 37 00 39 39 31 30 33 39 30       ...118669637.9910390
18960  36 38 36 33 30 32 00 00 00 00-00 30 32 30 32 31 30 31 32 35       686302.....020210125
18980  38 37 30 30 30 00 00 00 00 00-38 39 39 30 30 00 00 00 00 00       87000.....89900.....
19000  38 32 30 30 30 00 00 00 00 00-38 32 30 30 30 00 00 00 00 00       82000.....82000.....
19020  31 35 38 33 33 36 33 32 36 00-31 33 35 36 30 37 38 36 34 31       158336326.1356078641
19040  30 35 37 34 00 00 00 00 30 32-30 32 31 30 31 31 38 38 36 36       0574....020210118866
19060  30 30 00 00 00 00 00 38 39 37-30 30 00 00 00 00 00 38 33 36       00.....89700.....836
19080  30 30 00 00 00 00 00 38 36 38-30 30 00 00 00 00 00 31 36 34       00.....86800.....164
19100  35 31 33 37 39 34 00 31 34 32-39 31 37 30 32 39 33 36 38 32       513794.1429170293682
19120  30 00 00 00 00 30 32 30 32 31-30 31 31 31 39 30 30 30 30 00       0....02021011190000.
19140  00 00 00 00 39 36 38 30 30 00-00 00 00 00 38 37 38 30 30 00       ....96800.....87800.
19160  00 00 00 00 38 38 30 30 30 00-00 00 00 00 32 33 34 38 38 33       ....88000.....234883
19180  32 32 30 00 32 31 33 31 37 37-34 33 39 35 39 32 32 38 00 00       220.21317743959228..
19200  00 00 30 32 30 32 31 30 31 30-34 38 31 30 30 30 00 00 00 00       ..02021010481000....
19220  00 39 30 30 30 30 00 00 00 00-00 38 30 32 30 30 00 00 00 00       .90000.....80200....
19240  00 38 38 38 30 30 00 00 00 00-00 32 30 37 37 33 37 39 30 37       .88800.....207737907
19260  00 31 37 34 31 37 39 33 31 31-38 37 35 35 32 00 00 00 00 30       .17417931187552....0
19280  32 30 32 30 31 32 32 38 37 39-30 30 30 00 00 00 00 00 38 31       2020122879000.....81
19300  33 30 30 00 00 00 00 00 37 37-33 30 30 00 00 00 00 00 38 31       300.....77300.....81
19320  30 30 30 00 00 00 00 00 39 39-38 34 31 39 31 34 00 00 37 38       000.....99841914..78
19340  38 35 39 34 32 34 32 36 37 39-31 00 00 00 00 00 30 32 30 32       85942426791.....0202
19360  30 31 32 32 31 37 33 31 30 30-00 00 00 00 00 37 38 38 30 30       0122173100.....78800
19380  00 00 00 00 00 37 32 30 30 30-00 00 00 00 00 37 37 38 30 30       .....72000.....77800
19400  00 00 00 00 00 38 38 35 38 36-34 36 31 00 00 36 35 36 36 37       .....88586461..65667
19420  36 35 35 36 36 32 32 39 00 00-00 00 00 30 32 30 32 30 31 32       65566229.....0202012
19440  31 34 37 33 36 30 30 00 00 00-00 00 37 34 35 30 30 00 00 00       1473600.....74500...
19460  00 00 37 32 36 30 30 00 00 00-00 00 37 33 30 30 30 00 00 00       ..72600.....73000...
19480  00 00 31 30 31 37 39 32 34 31-30 00 37 34 38 37 31 34 35 30       ..101792410.74871450
19500  38 30 37 37 32 00 00 00 00 00-30 32 30 32 30 31 32 30 37 37       80772.....0202012077
19520  32 34 30 30 00 00 00 00 00 37-33 39 30 30 00 00 00 00 00 37       2400.....73900.....7
19540  31 36 30 30 00 00 00 00 00 37-33 34 30 30 00 00 00 00 00 31       1600.....73400.....1
19560  33 35 39 33 38 34 33 30 00 39-39 30 38 34 38 36 36 34 30 37       35938430.99084866407
19580  34 35 00 00 00 00 00 30 32 30-32 30 31 31 33 30 36 38 34 30       45.....0202011306840
19600  30 00 00 00 00 00 37 32 31 30-30 00 00 00 00 00 36 36 37 30       0.....72100.....6670
19620  30 00 00 00 00 00 37 31 35 30-30 00 00 00 00 00 31 34 37 36       0.....71500.....1476
19640  35 30 36 35 33 00 31 30 31 38-35 37 36 32 33 31 36 38 35 36       50653.10185762316856
19660  00 00 00 00 30 32 30 32 30 31-31 32 33 36 34 38 30 30 00 00       ....02020112364800..
19680  00 00 00 36 39 35 30 30 00 00-00 00 00 36 34 37 30 30 00 00       ...69500.....64700..
19700  00 00 00 36 38 32 30 30 00 00-00 00 00 31 32 34 38 32 36 34       ...68200.....1248264
19720  35 35 00 38 34 32 38 36 37 34-32 34 34 37 31 31 00 00 00 00       55.8428674244711....
19740  00 30 32 30 32 30 31 31 31 36-36 34 30 30 30 00 00 00 00 00       .02020111664000.....
19760  36 37 30 30 30 00 00 00 00 00-36 33 39 30 30 00 00 00 00 00       67000.....63900.....
19780  36 34 37 30 30 00 00 00 00 00-31 32 31 31 38 31 31 38 35 00       64700.....121181185.
19800  37 39 31 38 38 39 34 34 36 35-30 38 39 00 00 00 00 00 30 32       7918894465089.....02
19820  30 32 30 31 31 30 39 36 30 37-30 30 00 00 00 00 00 36 33 32       020110960700.....632
19840  30 30 00 00 00 00 00 35 39 35-30 30 00 00 00 00 00 36 33 32       00.....59500.....632
19860  30 30 00 00 00 00 00 31 31 31-39 30 34 34 32 35 00 36 38 33       00.....111904425.683
19880  39 32 32 34 36 30 30 36 31 34-00 00 00 00 00 30 32 30 32 30       9224600614.....02020
19900  31 31 30 32 35 36 34 30 30 00-00 00 00 00 36 30 38 30 30 00       110256400.....60800.
19920  00 00 00 00 35 36 30 30 30 00-00 00 00 00 36 30 31 30 30 00       ....56000.....60100.
19940  00 00 00 00 39 34 37 30 38 32-36 31 00 00 35 35 35 36 30 36       ....94708261..555606
19960  34 34 35 35 36 32 39 00 00 00-00 00 30 32 30 32 30 31 30 32       4455629.....02020102
19980  36 36 30 34 30 30 00 00 00 00-00 36 31 31 30 30 00 00 00 00       660400.....61100....
20000  00 35 36 36 30 30 00 00 00 00-00 35 36 36 30 30 00 00 00 00       .56600.....56600....
20020  00 39 34 35 30 32 33 33 34 00-00 35 35 34 32 30 38 39 37 39       .94502334..554208979
20040  37 35 38 35 00 00 00 00 00 30-32 30 32 30 31 30 31 39 35 39       7585.....02020101959
20060  36 30 30 00 00 00 00 00 36 31-35 30 30 00 00 00 00 00 35 39       600.....61500.....59
20080  35 30 30 00 00 00 00 00 36 30-32 30 30 00 00 00 00 00 37 33       500.....60200.....73
20100  31 32 30 38 37 30 00 00 34 34-31 37 33 38 36 33 32 39 32 35       120870..441738632925
20120  37 00 00 00 00 00 30 32 30 32-30 31 30 31 32 36 30 30 30 30       7.....02020101260000
20140  00 00 00 00 00 36 31 34 30 30-00 00 00 00 00 35 39 30 30 30       .....61400.....59000
20160  00 00 00 00 00 35 39 35 30 30-00 00 00 00 00 38 35 37 39 30       .....59500.....85790
20180  36 30 36 00 00 35 31 37 35 38-36 34 33 31 31 33 30 39 00 00       606..5175864311309..
20200  00 00 00 30 32 30 32 30 31 30-30 35 35 37 35 30 30 00 00 00       ...02020100557500...
20220  00 00 36 30 37 30 30 00 00 00-00 00 35 37 35 30 30 00 00 00       ..60700.....57500...
20240  00 00 35 39 37 30 30 00 00 00-00 00 37 34 31 34 33 38 37 37       ..59700.....74143877
20260  00 00 34 33 39 35 35 30 31 39-39 36 33 32 39 00 00 00 00 00       ..4395501996329.....
20280  30 32 30 32 30 30 39 32 38 35-38 33 30 30 00 00 00 00 00 35       02020092858300.....5
20300  39 30 30 30 00 00 00 00 00 35-37 39 30 30 00 00 00 00 00 35       9000.....57900.....5
20320  38 32 30 30 00 00 00 00 00 32-38 31 31 37 36 34 33 00 00 31       8200.....28117643..1
20340  36 34 32 34 32 34 30 36 35 32-30 30 00 00 00 00 00 30 32 30       642424065200.....020
20360  32 30 30 39 32 31 35 39 31 30-30 00 00 00 00 00 36 30 30 30       20092159100.....6000
20380  30 00 00 00 00 00 35 37 34 30-30 00 00 00 00 00 35 37 39 30       0.....57400.....5790
20400  30 00 00 00 00 00 38 35 30 39-30 38 36 39 00 00 34 39 37 31       0.....85090869..4971
20420  37 33 31 32 31 35 38 30 36 00-00 00 00 00 30 32 30 32 30 30       731215806.....020200
20440  39 31 34 36 30 32 30 30 00 00-00 00 00 36 31 33 30 30 00 00       91460200.....61300..
20460  00 00 00 35 39 31 30 30 00 00-00 00 00 35 39 33 30 30 00 00       ...59100.....59300..
20480  00 00 00 39 39 35 35 39 37 32-37 00 00 35 39 39 34 31 30 37       ...99559727..5994107
20500  33 38 34 39 36 30 00 00 00 00-00 30 32 30 32 30 30 39 30 37       384960.....020200907
20520  35 36 31 30 30 00 00 00 00 00-36 30 30 30 30 00 00 00 00 00       56100.....60000.....
20540  35 35 38 30 30 00 00 00 00 00-35 39 30 30 30 00 00 00 00 00       55800.....59000.....
20560  31 32 36 37 34 31 31 39 30 00-37 34 30 34 36 30 34 37 37 30       126741190.7404604770
20580  33 34 32 00 00 00 00 00 30 32-30 32 30 30 38 33 31 35 36 30       342.....020200831560
20600  30 30 00 00 00 00 00 35 36 37-30 30 00 00 00 00 00 35 34 30       00.....56700.....540
20620  30 30 00 00 00 00 00 35 35 36-30 30 00 00 00 00 00 31 31 39       00.....55600.....119
20640  34 36 34 32 33 36 00 36 35 38-37 31 36 38 31 30 31 30 39 36       464236.6587168101096
20660  00 00 00 00 00 30 32 30 32 30-30 38 32 34 35 35 38 30 30 00       .....02020082455800.
20680  00 00 00 00 35 36 38 30 30 00-00 00 00 00 35 35 34 30 30 00       ....56800.....55400.
20700  00 00 00 00 35 35 34 30 30 00-00 00 00 00 37 37 35 34 35 36       ....55400.....775456
20720  35 30 00 00 34 33 34 34 33 30-31 30 35 38 30 34 32 00 00 00       50..4344301058042...
20740  00 00 30 32 30 32 30 30 38 31-38 35 38 39 30 30 00 00 00 00       ..02020081858900....
20760  00 35 39 39 30 30 00 00 00 00-00 35 35 33 30 30 00 00 00 00       .59900.....55300....
20780  00 35 35 39 30 30 00 00 00 00-00 39 33 37 36 36 38 36 31 00       .55900.....93766861.
20800  00 35 33 37 39 39 33 37 35 37-32 33 39 36 00 00 00 00 00 30       .5379937572396.....0
20820  32 30 32 30 30 38 31 30 35 37-36 30 30 00 00 00 00 00 35 39       2020081057600.....59
20840  36 30 30 00 00 00 00 00 35 37-35 30 30 00 00 00 00 00 35 38       600.....57500.....58
20860  30 30 30 00 00 00 00 00 39 39-30 31 38 31 34 35 00 00 35 37       000.....99018145..57
20880  38 34 30 30 37 36 32 33 39 39-35 00 00 00 00 00 30 32 30 32       84007623995.....0202
20900  30 30 38 30 33 35 37 38 30 30-00 00 00 00 00 35 38 34 30 30       0080357800.....58400
20920  00 00 00 00 00 35 36 33 30 30-00 00 00 00 00 35 37 35 30 30       .....56300.....57500
20940  00 00 00 00 00 39 38 36 39 35-39 33 31 00 00 35 36 36 35 38       .....98695931..56658
20960  33 35 33 32 38 39 39 34 00 00-00 00 00 30 32 30 32 30 30 37       35328994.....0202007
20980  32 37 35 34 33 30 30 00 00 00-00 00 36 30 34 30 30 00 00 00       2754300.....60400...
21000  00 00 35 34 33 30 30 00 00 00-00 00 35 37 39 30 30 00 00 00       ..54300.....57900...
21020  00 00 31 34 37 31 39 31 32 39-37 00 38 35 36 39 30 35 30 33       ..147191297.85690503
21040  35 32 30 37 30 00 00 00 00 00-30 32 30 32 30 30 37 32 30 35       52070.....0202007205
21060  34 38 30 30 00 00 00 00 00 35-35 35 30 30 00 00 00 00 00 35       4800.....55500.....5
21080  33 37 30 30 00 00 00 00 00 35-34 32 30 30 00 00 00 00 00 36       3700.....54200.....6
21100  38 38 39 39 33 31 34 00 00 33-37 36 30 36 39 37 32 35 36 34       8899314..37606972564
21120  32 35 00 00 00 00 00 30 32 30-32 30 30 37 31 33 35 33 33 30       25.....0202007135330
21140  30 00 00 00 00 00 35 35 30 30-30 00 00 00 00 00 35 33 31 30       0.....55000.....5310
21160  30 00 00 00 00 00 35 34 34 30-30 00 00 00 00 00 37 37 34 33       0.....54400.....7743
21180  36 34 32 33 00 00 34 31 39 34-31 33 30 39 37 39 30 36 36 00       6423..4194130979066.
21200  00 00 00 00 30 32 30 32 30 30-37 30 36 35 34 30 30 30 00 00       ....02020070654000..
21220  00 00 00 35 35 39 30 30 00 00-00 00 00 35 32 33 30 30 00 00       ...55900.....52300..
21240  00 00 00 35 32 37 30 30 00 00-00 00 00 31 30 31 30 35 30 39       ...52700.....1010509
21260  30 33 00 35 34 33 35 31 35 34-39 36 32 39 32 30 00 00 00 00       03.5435154962920....
21280  00 30 32 30 32 30 30 36 32 39-35 32 35 30 30 00 00 00 00 00       .02020062952500.....
21300  35 33 39 30 30 00 00 00 00 00-35 32 30 30 30 00 00 00 00 00       53900.....52000.....
21320  35 33 36 30 30 00 00 00 00 00-38 31 36 37 30 36 39 31 00 00       53600.....81670691..
21340  34 33 32 34 34 35 37 31 38 31-32 38 30 00 00 00 00 00 30 32       4324457181280.....02
21360  30 32 30 30 36 32 32 35 32 30-30 30 00 00 00 00 00 35 33 39       020062252000.....539
21380  30 30 00 00 00 00 00 35 31 31-30 30 00 00 00 00 00 35 33 33       00.....51100.....533
21400  30 30 00 00 00 00 00 39 36 35-32 34 30 33 38 00 00 35 30 37       00.....96524038..507
21420  35 39 30 39 31 37 31 32 33 32-00 00 00 00 00 30 32 30 32 30       5909171232.....02020
21440  30 36 31 35 35 31 34 30 30 00-00 00 00 00 35 32 39 30 30 00       061551400.....52900.
21460  00 00 00 00 34 39 39 30 30 00-00 00 00 00 35 32 39 30 30 00       ....49900.....52900.
21480  00 00 00 00 31 31 31 33 39 34-38 30 32 00 35 37 36 34 38 34       ....111394802.576484
21500  38 36 38 30 32 38 34 00 00 00-00 00 30 32 30 32 30 30 36 30       8680284.....02020060
21520  38 35 36 34 30 30 00 00 00 00-00 35 36 35 30 30 00 00 00 00       856400.....56500....
21540  00 35 31 35 30 30 00 00 00 00-00 35 32 33 30 30 00 00 00 00       .51500.....52300....
21560  00 31 32 37 31 36 37 34 33 31-00 36 39 31 35 33 36 36 38 30       .127167431.691536680
21580  36 31 35 30 00 00 00 00 00 30-32 30 32 30 30 36 30 31 35 30       6150.....02020060150
21600  38 30 30 00 00 00 00 00 35 37-30 30 30 00 00 00 00 00 35 30       800.....57000.....50
21620  36 30 30 00 00 00 00 00 35 35-35 30 30 00 00 00 00 00 31 34       600.....55500.....14
21640  33 34 31 38 38 39 33 00 37 37-34 31 30 35 36 35 33 30 35 34       3418893.774105653054
21660  30 00 00 00 00 00 30 32 30 32-30 30 35 32 35 34 38 37 35 30       0.....02020052548750
21680  00 00 00 00 00 35 31 32 30 30-00 00 00 00 00 34 38 34 35 30       .....51200.....48450
21700  00 00 00 00 00 35 30 37 30 30-00 00 00 00 00 31 30 37 39 32       .....50700.....10792
21720  30 31 36 31 00 35 33 38 37 31-35 31 31 36 35 35 34 31 00 00       0161.5387151165541..
21740  00 00 00 30 32 30 32 30 30 35-31 38 34 37 39 35 30 00 00 00       ...02020051847950...
21760  00 00 35 30 35 30 30 00 00 00-00 00 34 37 36 30 30 00 00 00       ..50500.....47600...
21780  00 00 34 38 37 35 30 00 00 00-00 00 39 35 32 30 32 37 32 35       ..48750.....95202725
21800  00 00 34 37 31 35 32 36 39 36-31 33 35 37 37 00 00 00 00 00       ..4715269613577.....
21820  30 32 30 32 30 30 35 31 31 34-38 39 30 30 00 00 00 00 00 34       02020051148900.....4
21840  39 32 35 30 00 00 00 00 00 34-37 32 30 30 00 00 00 00 00 34       9250.....47200.....4
21860  37 38 35 30 00 00 00 00 00 39-37 37 38 33 37 30 32 00 00 34       7850.....97783702..4
21880  36 39 37 39 34 33 37 36 38 38-34 35 00 00 00 00 00 30 32 30       697943768845.....020
21900  32 30 30 35 30 34 34 38 39 30-30 00 00 00 00 00 34 39 33 35       20050448900.....4935
21920  30 00 00 00 00 00 34 38 35 30-30 00 00 00 00 00 34 38 38 30       0.....48500.....4880
21940  30 00 00 00 00 00 37 33 33 35-38 30 38 35 00 00 33 35 38 35       0.....73358085..3585
21960  32 30 39 39 31 34 30 32 31 00-00 00 00 00 30 32 30 32 30 30       209914021.....020200
21980  34 32 37 34 39 33 35 30 00 00-00 00 00 35 30 35 30 30 00 00       42749350.....50500..
22000  00 00 00 34 39 31 30 30 00 00-00 00 00 35 30 30 30 30 00 00       ...49100.....50000..
22020  00 00 00 34 35 37 34 39 34 30-33 00 00 32 32 37 38 31 39 37       ...45749403..2278197
22040  38 32 36 35 36 32 00 00 00 00-00 30 32 30 32 30 30 34 32 30       826562.....020200420
22060  35 31 34 30 30 00 00 00 00 00-35 31 34 30 30 00 00 00 00 00       51400.....51400.....
22080  34 38 33 35 30 00 00 00 00 00-34 39 33 35 30 00 00 00 00 00       48350.....49350.....
22100  31 30 32 32 36 30 35 35 30 00-35 30 37 33 35 37 35 38 33 37       102260550.5073575837
22120  39 34 35 00 00 00 00 00 30 32-30 32 30 30 34 31 33 34 38 36       945.....020200413486
22140  35 30 00 00 00 00 00 35 32 30-30 30 00 00 00 00 00 34 38 33       50.....52000.....483
22160  30 30 00 00 00 00 00 35 31 34-30 30 00 00 00 00 00 38 34 30       00.....51400.....840
22180  32 39 34 35 31 00 00 34 31 37-39 38 35 32 33 38 33 34 31 38       29451..4179852383418
22200  00 00 00 00 00 30 32 30 32 30-30 34 30 36 34 37 35 30 30 00       .....02020040647500.
22220  00 00 00 00 35 30 32 30 30 00-00 00 00 00 34 37 32 35 30 00       ....50200.....47250.
22240  00 00 00 00 34 39 32 35 30 00-00 00 00 00 31 32 30 33 39 37       ....49250.....120397
22260  32 34 33 00 35 38 39 39 30 37-34 38 34 33 34 32 38 00 00 00       243.5899074843428...
22280  00 00 30 32 30 32 30 30 33 33-30 34 37 30 35 30 00 00 00 00       ..02020033047050....
22300  00 34 38 35 30 30 00 00 00 00-00 34 35 33 35 30 00 00 00 00       .48500.....45350....
22320  00 34 37 30 30 30 00 00 00 00-00 31 32 39 31 31 36 39 34 36       .47000.....129116946
22340  00 36 30 38 39 39 33 35 38 30-36 33 34 30 00 00 00 00 00 30       .6089935806340.....0
22360  32 30 32 30 30 33 32 33 34 32-36 30 30 00 00 00 00 00 34 39       2020032342600.....49
22380  37 30 30 00 00 00 00 00 34 32-34 30 30 00 00 00 00 00 34 38       700.....42400.....48
22400  33 30 30 00 00 00 00 00 32 32-36 33 32 30 37 36 33 00 31 30       300.....226320763.10
22420  35 37 32 30 32 31 39 32 30 36-31 37 00 00 00 00 30 32 30 32       572021920617....0202
22440  30 30 33 31 36 35 30 31 30 30-00 00 00 00 00 35 30 39 30 30       0031650100.....50900
22460  00 00 00 00 00 34 32 33 30 30-00 00 00 00 00 34 35 34 30 30       .....42300.....45400
22480  00 00 00 00 00 32 33 31 33 36-36 31 31 36 00 31 30 37 33 31       .....231366116.10731
22500  35 38 35 33 34 35 32 31 33 00-00 00 00 30 32 30 32 30 30 33       585345213....0202003
22520  30 39 35 34 37 30 30 00 00 00-00 00 35 35 30 30 30 00 00 00       0954700.....55000...
22540  00 00 34 36 38 35 30 00 00 00-00 00 34 39 39 35 30 00 00 00       ..46850.....49950...
22560  00 00 32 31 35 36 38 38 32 35-32 00 31 31 31 35 32 38 33 33       ..215688252.11152833
22580  39 33 34 36 39 31 00 00 00 00-30 32 30 32 30 30 33 30 32 35       934691....0202003025
22600  34 33 30 30 00 00 00 00 00 35-38 30 30 30 00 00 00 00 00 35       4300.....58000.....5
22620  33 36 30 30 00 00 00 00 00 35-36 35 30 30 00 00 00 00 00 31       3600.....56500.....1
22640  32 35 39 31 35 30 38 31 00 37-30 37 37 33 33 32 33 38 31 37       25915081.70773323817
22660  31 33 00 00 00 00 00 30 32 30-32 30 30 32 32 34 35 37 34 30       13.....0202002245740
22680  30 00 00 00 00 00 35 38 31 30-30 00 00 00 00 00 35 34 32 30       0.....58100.....5420
22700  30 00 00 00 00 00 35 34 32 30-30 00 00 00 00 00 31 32 38 32       0.....54200.....1282
22720  35 39 38 31 35 00 37 32 32 33-38 36 33 32 34 37 33 37 32 00       59815.7223863247372.
22740  00 00 00 00 30 32 30 32 30 30-32 31 37 36 31 36 30 30 00 00       ....02020021761600..
22760  00 00 00 36 32 30 30 30 00 00-00 00 00 35 38 35 30 30 00 00       ...62000.....58500..
22780  00 00 00 35 39 32 30 30 00 00-00 00 00 36 36 37 33 35 36 37       ...59200.....6673567
22800  35 00 00 34 30 31 36 32 39 33-37 38 33 34 30 30 00 00 00 00       5..4016293783400....
22820  00 30 32 30 32 30 30 32 31 30-35 39 32 30 30 00 00 00 00 00       .02020021059200.....
22840  36 31 39 30 30 00 00 00 00 00-35 39 31 30 30 00 00 00 00 00       61900.....59100.....
22860  36 31 38 30 30 00 00 00 00 00-36 38 38 30 38 34 30 31 00 00       61800.....68808401..
22880  34 31 36 33 36 36 37 33 32 35-32 36 30 00 00 00 00 00 30 32       4163667325260.....02
22900  30 32 30 30 32 30 33 35 35 35-30 30 00 00 00 00 00 36 31 32       020020355500.....612
22920  30 30 00 00 00 00 00 35 35 32-30 30 00 00 00 00 00 36 30 34       00.....55200.....604
22940  30 30 00 00 00 00 00 39 36 32-30 33 32 36 39 00 00 35 36 35       00.....96203269..565
22960  31 35 32 32 30 38 32 34 37 30-00 00 00 00 00 30 32 30 32 30       1522082470.....02020
22980  30 31 32 38 35 39 34 30 30 00-00 00 00 00 35 39 37 30 30 00       012859400.....59700.
23000  00 00 00 00 35 36 34 30 30 00-00 00 00 00 35 36 34 30 30 00       ....56400.....56400.
23020  00 00 00 00 38 30 36 38 32 30-33 39 00 00 34 37 30 35 35 31       ....80682039..470551
23040  36 30 31 37 30 36 38 00 00 00-00 00 30 32 30 32 30 30 31 32       6017068.....02020012
23060  30 36 32 30 30 30 00 00 00 00-00 36 32 38 30 30 00 00 00 00       062000.....62800....
23080  00 36 30 34 30 30 00 00 00 00-00 36 30 38 30 30 00 00 00 00       .60400.....60800....
23100  00 35 33 39 32 37 36 36 38 00-00 33 33 32 34 32 34 31 33 35       .53927668..332424135
23120  37 39 39 39 00 00 00 00 00 30-32 30 32 30 30 31 31 33 35 39       7999.....02020011359
23140  36 30 30 00 00 00 00 00 36 32-30 30 30 00 00 00 00 00 35 38       600.....62000.....58
23160  39 30 30 00 00 00 00 00 36 31-33 30 30 00 00 00 00 00 37 32       900.....61300.....72
23180  39 37 33 37 39 37 00 00 34 33-39 32 38 33 38 36 31 31 34 36       973797..439283861146
23200  33 00 00 00 00 00 30 32 30 32-30 30 31 30 36 35 34 39 30 30       3.....02020010654900
23220  00 00 00 00 00 35 39 37 30 30-00 00 00 00 00 35 34 36 30 30       .....59700.....54600
23240  00 00 00 00 00 35 39 35 30 30-00 00 00 00 00 38 33 38 39 32       .....59500.....83892
23260  36 34 39 00 00 34 38 30 36 39-39 34 36 32 39 30 32 35 00 00       649..4806994629025..
23280  00 00 00 30 32 30 31 39 31 32-33 30 35 36 32 30 30 00 00 00       ...02019123056200...
23300  00 00 35 36 36 30 30 00 00 00-00 00 35 34 39 30 30 00 00 00       ..56600.....54900...
23320  00 00 35 35 35 30 30 00 00 00-00 00 33 36 37 37 32 32 35 30       ..55500.....36772250
23340  00 00 32 30 34 37 37 39 39 37-30 37 38 39 32 00 00 00 00 00       ..2047799707892.....
23360  30 32 30 31 39 31 32 32 33 35-36 31 30 30 00 00 00 00 00 35       02019122356100.....5
23380  36 39 30 30 00 00 00 00 00 35-34 34 30 30 00 00 00 00 00 35       6900.....54400.....5
23400  36 35 30 30 00 00 00 00 00 34-33 36 36 35 38 30 35 00 00 32       6500.....43665805..2
23420  34 32 34 32 38 36 36 39 31 33-32 38 00 00 00 00 00 30 32 30       424286691328.....020
23440  31 39 31 32 31 36 35 34 35 30-30 00 00 00 00 00 35 37 33 30       19121654500.....5730
23460  30 00 00 00 00 00 35 34 33 30-30 00 00 00 00 00 35 36 30 30       0.....54300.....5600
23480  30 00 00 00 00 00 37 32 37 30-35 30 38 35 00 00 34 30 37 32       0.....72705085..4072
23500  36 35 39 35 37 35 33 33 32 00-00 00 00 00 30 32 30 31 39 31       659575332.....020191
23520  32 30 39 35 30 39 30 30 00 00-00 00 00 35 34 38 30 30 00 00       20950900.....54800..
23540  00 00 00 35 30 37 30 30 00 00-00 00 00 35 34 37 30 30 00 00       ...50700.....54700..
23560  00 00 00 37 34 30 33 31 38 37-37 00 00 33 39 31 34 31 34 31       ...74031877..3914141
23580  35 32 39 35 32 38 00 00 00 00-00 30 32 30 31 39 31 32 30 32       529528.....020191202
23600  35 30 39 30 30 00 00 00 00 00-35 31 33 30 30 00 00 00 00 00       50900.....51300.....
23620  34 39 30 30 30 00 00 00 00 00-35 30 34 30 30 00 00 00 00 00       49000.....50400.....
23640  36 36 30 34 37 38 39 31 00 00-33 32 39 37 33 35 34 31 30 32       66047891..3297354102
23660  35 39 34 00 00 00 00 00 30 32-30 31 39 31 31 32 35 35 32 32       594.....020191125522
23680  30 30 00 00 00 00 00 35 32 39-30 30 00 00 00 00 00 35 30 32       00.....52900.....502
23700  30 30 00 00 00 00 00 35 30 33-30 30 00 00 00 00 00 36 31 39       00.....50300.....619
23720  38 32 33 33 31 00 00 33 32 30-37 31 39 31 36 37 30 36 36 34       82331..3207191670664
23740  00 00 00 00 00 30 32 30 31 39-31 31 31 38 35 33 36 30 30 00       .....02019111853600.
23760  00 00 00 00 35 33 38 30 30 00-00 00 00 00 35 30 36 30 30 00       ....53800.....50600.
23780  00 00 00 00 35 31 36 30 30 00-00 00 00 00 35 31 39 39 30 37       ....51600.....519907
23800  35 37 00 00 32 37 31 31 35 30-30 37 33 36 31 33 38 00 00 00       57..2711500736138...
23820  00 00 30 32 30 31 39 31 31 31-31 35 32 32 30 30 00 00 00 00       ..02019111152200....
23840  00 35 33 37 30 30 00 00 00 00-00 35 31 34 30 30 00 00 00 00       .53700.....51400....
23860  00 35 33 37 30 30 00 00 00 00-00 34 32 37 30 30 36 37 34 00       .53700.....42700674.
23880  00 32 32 34 31 33 30 32 38 38-37 30 36 38 00 00 00 00 00 30       .2241302887068.....0
23900  32 30 31 39 31 31 30 34 35 31-37 30 30 00 00 00 00 00 35 33       2019110451700.....53
23920  35 30 30 00 00 00 00 00 35 31-34 30 30 00 00 00 00 00 35 32       500.....51400.....52
23940  31 30 30 00 00 00 00 00 35 38-38 31 34 39 38 34 00 00 33 30       100.....58814984..30
23960  39 34 32 31 31 38 31 39 31 32-33 00 00 00 00 00 30 32 30 31       94211819123.....0201
23980  39 31 30 32 38 35 30 37 30 30-00 00 00 00 00 35 31 37 30 30       9102850700.....51700
24000  00 00 00 00 00 35 30 32 30 30-00 00 00 00 00 35 31 32 30 30       .....50200.....51200
24020  00 00 00 00 00 34 31 37 34 35-32 30 39 00 00 32 31 31 37 32       .....41745209..21172
24040  35 39 31 33 39 39 33 35 00 00-00 00 00 30 32 30 31 39 31 30       59139935.....0201910
24060  32 31 34 39 39 30 30 00 00 00-00 00 35 32 35 30 30 00 00 00       2149900.....52500...
24080  00 00 34 39 38 30 30 00 00 00-00 00 35 30 39 30 30 00 00 00       ..49800.....50900...
24100  00 00 35 33 30 33 34 38 32 32-00 00 32 36 39 39 37 31 30 30       ..53034822..26997100
24120  34 30 34 36 31 00 00 00 00 00-30 32 30 31 39 31 30 31 34 35       40461.....0201910145
24140  30 30 30 30 00 00 00 00 00 35-30 39 30 30 00 00 00 00 00 34       0000.....50900.....4
24160  39 36 35 30 00 00 00 00 00 34-39 39 30 30 00 00 00 00 00 34       9650.....49900.....4
24180  31 35 30 39 35 30 38 00 00 32-30 38 38 32 37 33 33 39 33 34       1509508..20882733934
24200  35 34 00 00 00 00 00 30 32 30-31 39 31 30 30 37 34 38 33 35       54.....0201910074835
24220  30 00 00 00 00 00 34 39 34 35-30 00 00 00 00 00 34 37 36 30       0.....49450.....4760
24240  30 00 00 00 00 00 34 39 31 35-30 00 00 00 00 00 34 37 37 30       0.....49150.....4770
24260  39 37 37 30 00 00 32 33 31 35-34 31 33 35 37 31 33 39 35 00       9770..2315413571395.
24280  00 00 00 00 30 32 30 31 39 30-39 33 30 34 38 30 35 30 00 00       ....02019093048050..
24300  00 00 00 34 39 32 35 30 00 00-00 00 00 34 37 33 35 30 00 00       ...49250.....47350..
24320  00 00 00 34 38 30 30 30 00 00-00 00 00 33 33 34 31 37 33 31       ...48000.....3341731
24340  32 00 00 31 36 31 36 31 39 33-30 33 37 37 35 37 00 00 00 00       2..1616193037757....
24360  00 30 32 30 31 39 30 39 32 33-34 39 32 35 30 00 00 00 00 00       .02019092349250.....
24380  34 39 36 35 30 00 00 00 00 00-34 38 30 30 30 00 00 00 00 00       49650.....48000.....
24400  34 38 34 30 30 00 00 00 00 00-34 31 31 37 30 34 34 36 00 00       48400.....41170446..
24420  32 30 31 36 38 31 33 30 36 34-35 39 32 00 00 00 00 00 30 32       2016813064592.....02
24440  30 31 39 30 39 31 36 34 37 30-30 30 00 00 00 00 00 34 39 36       019091647000.....496
24460  30 30 00 00 00 00 00 34 36 34-30 30 00 00 00 00 00 34 39 32       00.....46400.....492
24480  30 30 00 00 00 00 00 36 34 38-39 31 38 35 36 00 00 33 31 31       00.....64891856..311
24500  37 33 38 37 33 39 35 38 38 34-00 00 00 00 00 30 32 30 31 39       7387395884.....02019
24520  30 39 30 39 34 36 34 35 30 00-00 00 00 00 34 37 34 30 30 00       090946450.....47400.
24540  00 00 00 00 34 36 33 30 30 00-00 00 00 00 34 37 31 35 30 00       ....46300.....47150.
24560  00 00 00 00 33 34 38 30 37 35-36 38 00 00 31 36 33 35 39 36       ....34807568..163596
24580  38 34 31 30 35 33 32 00 00 00-00 00 30 32 30 31 39 30 39 30       8410532.....02019090
24600  32 34 34 38 35 30 00 00 00 00-00 34 36 35 30 30 00 00 00 00       244850.....46500....
24620  00 34 33 31 30 30 00 00 00 00-00 34 36 33 30 30 00 00 00 00       .43100.....46300....
24640  00 35 37 35 39 36 33 30 37 00-00 32 35 37 31 35 31 37 30 36       .57596307..257151706
24660  34 31 39 30 00 00 00 00 00 30-32 30 31 39 30 38 32 36 34 33       4190.....02019082643
24680  30 35 30 00 00 00 00 00 34 34-34 30 30 00 00 00 00 00 34 32       050.....44400.....42
24700  39 35 30 00 00 00 00 00 34 34-30 30 30 00 00 00 00 00 35 31       950.....44000.....51
24720  32 36 35 31 34 39 00 00 32 32-34 38 32 31 39 30 37 38 37 36       265149..224821907876
24740  37 00 00 00 00 00 30 32 30 31-39 30 38 31 39 34 34 33 35 30       7.....02019081944350
24760  00 00 00 00 00 34 34 38 30 30-00 00 00 00 00 34 33 35 30 30       .....44800.....43500
24780  00 00 00 00 00 34 33 39 35 30-00 00 00 00 00 33 34 30 39 38       .....43950.....34098
24800  36 39 38 00 00 31 35 30 34 32-30 30 32 31 35 38 36 30 00 00       698..1504200215860..
24820  00 00 00 30 32 30 31 39 30 38-31 32 34 34 30 30 30 00 00 00       ...02019081244000...
24840  00 00 34 34 32 35 30 00 00 00-00 00 34 32 39 35 30 00 00 00       ..44250.....42950...
24860  00 00 34 33 39 30 30 00 00 00-00 00 33 34 30 32 31 33 39 38       ..43900.....34021398
24880  00 00 31 34 38 34 33 34 31 32-37 34 37 34 36 00 00 00 00 00       ..1484341274746.....
24900  30 32 30 31 39 30 38 30 35 34-34 33 35 30 00 00 00 00 00 34       02019080544350.....4
24920  34 36 30 30 00 00 00 00 00 34-32 35 30 30 00 00 00 00 00 34       4600.....42500.....4
24940  33 31 35 30 00 00 00 00 00 36-35 39 31 32 34 37 31 00 00 32       3150.....65912471..2
24960  38 36 32 30 34 33 34 35 31 34-39 30 00 00 00 00 00 30 32 30       862043451490.....020
24980  31 39 30 37 32 39 34 36 38 30-30 00 00 00 00 00 34 37 30 35       19072946800.....4705
25000  30 00 00 00 00 00 34 34 33 30-30 00 00 00 00 00 34 34 39 35       0.....44300.....4495
25020  30 00 00 00 00 00 34 35 32 34-33 33 33 31 00 00 32 30 36 31       0.....45243331..2061
25040  34 35 32 32 38 31 38 37 39 00-00 00 00 00 30 32 30 31 39 30       452281879.....020190
25060  37 32 32 34 36 38 30 30 00 00-00 00 00 34 37 35 35 30 00 00       72246800.....47550..
25080  00 00 00 34 36 32 35 30 00 00-00 00 00 34 37 31 35 30 00 00       ...46250.....47150..
25100  00 00 00 34 33 31 30 39 37 33-36 00 00 32 30 32 37 37 30 36       ...43109736..2027706
25120  35 30 31 37 37 35 00 00 00 00-00 30 32 30 31 39 30 37 31 35       501775.....020190715
25140  34 35 39 35 30 00 00 00 00 00-34 36 39 35 30 00 00 00 00 00       45950.....46950.....
25160  34 35 36 35 30 00 00 00 00 00-34 36 38 30 30 00 00 00 00 00       45650.....46800.....
25180  33 31 33 30 34 35 39 39 00 00-31 34 35 34 34 34 39 38 39 30       31304599..1454449890
25200  32 33 32 00 00 00 00 00 30 32-30 31 39 30 37 30 38 34 34 37       232.....020190708447
25220  35 30 00 00 00 00 00 34 36 35-35 30 00 00 00 00 00 34 34 33       50.....46550.....443
25240  35 30 00 00 00 00 00 34 36 33-30 30 00 00 00 00 00 34 30 39       50.....46300.....409
25260  35 39 37 34 39 00 00 31 38 36-38 39 38 35 37 33 34 36 36 38       59749..1868985734668
25280  00 00 00 00 00 30 32 30 31 39-30 37 30 31 34 37 33 35 30 00       .....02019070147350.
25300  00 00 00 00 34 37 34 30 30 00-00 00 00 00 34 35 32 30 30 00       ....47400.....45200.
25320  00 00 00 00 34 35 36 35 30 00-00 00 00 00 34 33 31 31 36 39       ....45650.....431169
25340  33 31 00 00 31 39 38 36 35 38-32 31 30 32 35 31 30 00 00 00       31..1986582102510...
25360  00 00 30 32 30 31 39 30 36 32-34 34 35 32 30 30 00 00 00 00       ..02019062445200....
25380  00 34 37 30 30 30 00 00 00 00-00 34 35 32 30 30 00 00 00 00       .47000.....45200....
25400  00 34 37 30 30 30 00 00 00 00-00 34 37 39 34 30 37 30 32 00       .47000.....47940702.
25420  00 32 32 31 32 31 37 33 35 33-33 39 32 37 00 00 00 00 00 30       .2212173533927.....0
25440  32 30 31 39 30 36 31 37 34 33-37 35 30 00 00 00 00 00 34 35       2019061743750.....45
25460  38 30 30 00 00 00 00 00 34 33-34 30 30 00 00 00 00 00 34 35       800.....43400.....45
25480  37 30 30 00 00 00 00 00 34 36-39 30 35 37 34 30 00 00 32 31       700.....46905740..21
25500  30 31 30 30 30 32 36 33 38 37-35 00 00 00 00 00 30 32 30 31       01000263875.....0201
25520  39 30 36 31 30 34 34 33 30 30-00 00 00 00 00 34 35 30 35 30       9061044300.....45050
25540  00 00 00 00 00 34 33 33 30 30-00 00 00 00 00 34 34 30 30 30       .....43300.....44000
25560  00 00 00 00 00 35 30 32 39 33-39 30 37 00 00 32 32 32 34 32       .....50293907..22242
25580  36 33 38 33 31 32 33 36 00 00-00 00 00 30 32 30 31 39 30 36       63831236.....0201906
25600  30 33 34 32 39 35 30 00 00 00-00 00 34 34 33 35 30 00 00 00       0342950.....44350...
25620  00 00 34 32 35 30 30 00 00 00-00 00 34 34 32 30 30 00 00 00       ..42500.....44200...
25640  00 00 34 39 35 32 37 38 39 34-00 00 32 31 36 34 38 39 38 39       ..49527894..21648989
25660  32 36 32 35 33 00 00 00 00 00-30 32 30 31 39 30 35 32 37 34       26253.....0201905274
25680  32 35 30 30 00 00 00 00 00 34-33 30 30 30 00 00 00 00 00 34       2500.....43000.....4
25700  31 33 30 30 00 00 00 00 00 34-32 35 30 30 00 00 00 00 00 37       1300.....42500.....7
25720  30 36 33 36 31 38 35 00 00 32-39 39 33 30 31 38 36 37 34 35       0636185..29930186745
25740  30 38 00 00 00 00 00 30 32 30-31 39 30 35 32 30 34 31 36 35       08.....0201905204165
25760  30 00 00 00 00 00 34 34 30 30-30 00 00 00 00 00 34 31 35 35       0.....44000.....4155
25780  30 00 00 00 00 00 34 32 37 30-30 00 00 00 00 00 37 31 38 32       0.....42700.....7182
25800  33 31 38 30 00 00 33 30 38 38-31 37 30 34 30 38 38 32 36 00       3180..3088170408826.
25820  00 00 00 00 30 32 30 31 39 30-35 31 33 34 32 35 30 30 00 00       ....02019051342500..
25840  00 00 00 34 33 32 30 30 00 00-00 00 00 34 30 38 35 30 00 00       ...43200.....40850..
25860  00 00 00 34 31 32 30 30 00 00-00 00 00 35 33 39 31 34 37 37       ...41200.....5391477
25880  33 00 00 32 32 37 32 35 39 32-30 36 38 39 38 32 00 00 00 00       3..2272592068982....
25900  00 30 32 30 31 39 30 35 30 37-34 35 32 35 30 00 00 00 00 00       .02019050745250.....
25920  34 35 33 30 30 00 00 00 00 00-34 32 34 35 30 00 00 00 00 00       45300.....42450.....
25940  34 32 39 30 30 00 00 00 00 00-36 30 30 32 32 38 39 31 00 00       42900.....60022891..
25960  32 36 31 38 34 39 36 39 34 39-32 33 35 00 00 00 00 00 30 32       2618496949235.....02
25980  30 31 39 30 34 32 39 34 35 31-35 30 00 00 00 00 00 34 36 33       019042945150.....463
26000  30 30 00 00 00 00 00 34 35 31-30 30 00 00 00 00 00 34 35 33       00.....45100.....453
26020  30 30 00 00 00 00 00 33 35 30-38 36 38 33 32 00 00 31 36 30       00.....35086832..160
26040  35 32 31 35 39 38 36 33 35 30-00 00 00 00 00 30 32 30 31 39       5215986350.....02019
26060  30 34 32 32 34 35 34 30 30 00-00 00 00 00 34 35 39 30 30 00       042245400.....45900.
26080  00 00 00 00 34 33 38 30 30 00-00 00 00 00 34 34 38 35 30 00       ....43800.....44850.
26100  00 00 00 00 34 36 38 33 35 37-33 37 00 00 32 30 39 39 37 39       ....46835737..209979
26120  32 30 38 34 31 32 36 00 00 00-00 00 30 32 30 31 39 30 34 31       2084126.....02019041
26140  35 34 37 31 35 30 00 00 00 00-00 34 37 36 30 30 00 00 00 00       547150.....47600....
26160  00 34 35 32 35 30 00 00 00 00-00 34 35 33 30 30 00 00 00 00       .45250.....45300....
26180  00 34 33 32 36 36 30 31 35 00-00 32 30 31 32 35 35 38 31 33       .43266015..201255813
26200  30 33 38 30 00 00 00 00 00 30-32 30 31 39 30 34 30 38 34 37       0380.....02019040847
26220  32 35 30 00 00 00 00 00 34 37-32 35 30 00 00 00 00 00 34 36       250.....47250.....46
26240  30 30 30 00 00 00 00 00 34 36-38 35 30 00 00 00 00 00 34 38       000.....46850.....48
26260  36 33 37 30 30 30 00 00 32 32-36 30 35 39 39 34 30 30 38 37       637000..226059940087
26280  31 00 00 00 00 00 30 32 30 31-39 30 34 30 31 34 35 32 30 30       1.....02019040145200
26300  00 00 00 00 00 34 37 35 35 30-00 00 00 00 00 34 34 38 35 30       .....47550.....44850
26320  00 00 00 00 00 34 36 38 35 30-00 00 00 00 00 35 30 34 37 35       .....46850.....50475
26340  38 39 34 00 00 32 33 33 35 35-39 35 38 35 33 33 32 38 00 00       894..2335595853328..
26360  00 00 00 30 32 30 31 39 30 33-32 35 34 35 33 30 30 00 00 00       ...02019032545300...
26380  00 00 34 35 37 30 30 00 00 00-00 00 34 34 32 30 30 00 00 00       ..45700.....44200...
26400  00 00 34 34 36 35 30 00 00 00-00 00 34 36 33 31 30 36 33 39       ..44650.....46310639
26420  00 00 32 30 38 32 39 35 38 31-36 31 30 34 39 00 00 00 00 00       ..2082958161049.....
26440  30 32 30 31 39 30 33 31 38 34-33 39 35 30 00 00 00 00 00 34       02019031843950.....4
26460  37 30 30 30 00 00 00 00 00 34-33 31 30 30 00 00 00 00 00 34       7000.....43100.....4
26480  36 35 35 30 00 00 00 00 00 35-39 33 31 38 36 30 38 00 00 32       6550.....59318608..2
26500  36 36 39 38 36 35 37 37 37 33-33 38 00 00 00 00 00 30 32 30       669865777338.....020
26520  31 39 30 33 31 31 34 34 34 30-30 00 00 00 00 00 34 34 39 35       19031144400.....4495
26540  30 00 00 00 00 00 34 33 35 35-30 00 00 00 00 00 34 34 32 30       0.....43550.....4420
26560  30 00 00 00 00 00 36 35 31 31-31 30 35 32 00 00 32 38 36 37       0.....65111052..2867
26580  31 30 33 36 37 32 30 32 35 00-00 00 00 00 30 32 30 31 39 30       103672025.....020190
26600  33 30 34 34 36 30 30 30 00 00-00 00 00 34 36 31 30 30 00 00       30446000.....46100..
26620  00 00 00 34 33 34 30 30 00 00-00 00 00 34 33 38 30 30 00 00       ...43400.....43800..
26640  00 00 00 35 32 35 32 30 33 30-36 00 00 32 33 33 35 37 38 30       ...52520306..2335780
26660  34 37 35 36 37 34 00 00 00 00-00 30 32 30 31 39 30 32 32 35       475674.....020190225
26680  34 37 34 30 30 00 00 00 00 00-34 37 35 35 30 00 00 00 00 00       47400.....47550.....
26700  34 35 31 30 30 00 00 00 00 00-34 35 31 30 30 00 00 00 00 00       45100.....45100.....
26720  34 37 30 38 34 37 39 35 00 00-32 31 37 39 37 32 33 38 39 32       47084795..2179723892
26740  31 32 34 00 00 00 00 00 30 32-30 31 39 30 32 31 38 34 36 35       124.....020190218465
26760  30 30 00 00 00 00 00 34 37 32-30 30 00 00 00 00 00 34 35 34       00.....47200.....454
26780  35 30 00 00 00 00 00 34 37 31-35 30 00 00 00 00 00 34 32 30       50.....47150.....420
26800  32 31 36 32 34 00 00 31 39 35-36 36 36 33 34 39 34 30 37 37       21624..1956663494077
26820  00 00 00 00 00 30 32 30 31 39-30 32 31 31 34 34 35 30 30 00       .....02019021144500.
26840  00 00 00 00 34 37 35 30 30 00-00 00 00 00 34 34 32 35 30 00       ....47500.....44250.
26860  00 00 00 00 34 36 30 35 30 00-00 00 00 00 36 33 34 32 33 31       ....46050.....634231
26880  33 33 00 00 32 39 31 39 39 30-37 36 35 35 30 35 30 00 00 00       33..2919907655050...
26900  00 00 30 32 30 31 39 30 32 30-37 34 36 38 30 30 00 00 00 00       ..02019020746800....
26920  00 34 37 31 30 30 00 00 00 00-00 34 34 36 35 30 00 00 00 00       .47100.....44650....
26940  00 34 34 38 30 30 00 00 00 00-00 32 38 35 36 31 31 39 37 00       .44800.....28561197.
26960  00 31 33 31 30 32 31 37 37 36-36 33 36 36 00 00 00 00 00 30       .1310217766366.....0
26980  32 30 31 39 30 31 32 38 34 35-30 30 30 00 00 00 00 00 34 37       2019012845000.....47
27000  30 35 30 00 00 00 00 00 34 34-33 35 30 00 00 00 00 00 34 36       050.....44350.....46
27020  33 35 30 00 00 00 00 00 38 37-31 37 33 35 31 30 00 00 33 39       350.....87173510..39
27040  39 35 36 38 34 30 30 35 39 35-39 00 00 00 00 00 30 32 30 31       95684005959.....0201
27060  39 30 31 32 31 34 32 37 30 30-00 00 00 00 00 34 34 37 35 30       9012142700.....44750
27080  00 00 00 00 00 34 31 33 35 30-00 00 00 00 00 34 34 37 35 30       .....41350.....44750
27100  00 00 00 00 00 36 39 39 32 38-31 35 34 00 00 33 30 30 37 33       .....69928154..30073
27120  38 39 37 39 36 33 30 30 00 00-00 00 00 30 32 30 31 39 30 31       89796300.....0201901
27140  31 34 34 30 34 35 30 00 00 00-00 00 34 32 34 30 30 00 00 00       1440450.....42400...
27160  00 00 33 39 38 35 30 00 00 00-00 00 34 32 33 30 30 00 00 00       ..39850.....42300...
27180  00 00 35 34 37 33 35 35 30 36-00 00 32 32 35 37 33 32 30 35       ..54735506..22573205
27200  32 30 31 34 32 00 00 00 00 00-30 32 30 31 39 30 31 30 37 33       20142.....0201901073
27220  38 30 30 30 00 00 00 00 00 34-30 35 35 30 00 00 00 00 00 33       8000.....40550.....3
27240  37 38 30 30 00 00 00 00 00 34-30 35 30 30 00 00 00 00 00 36       7800.....40500.....6
27260  39 33 35 31 30 32 31 00 00 32-37 32 32 37 36 34 37 35 32 32       9351021..27227647522
27280  31 32 00 00 00 00 00 30 32 30-31 39 30 31 30 32 33 39 34 30       12.....0201901023940
27300  30 00 00 00 00 00 33 39 34 30-30 00 00 00 00 00 33 36 38 35       0.....39400.....3685
27320  30 00 00 00 00 00 33 37 34 35-30 00 00 00 00 00 33 34 34 32       0.....37450.....3442
27340  38 31 31 35 00 00 31 33 30 33-30 35 32 31 36 33 34 39 37 00       8115..1303052163497.
27360  00 00 00 00 30 32 30 31 38 31-32 32 34 33 38 35 30 30 00 00       ....02018122438500..
27380  00 00 00 33 39 30 35 30 00 00-00 00 00 33 38 31 30 30 00 00       ...39050.....38100..
27400  00 00 00 33 38 37 30 30 00 00-00 00 00 34 32 38 34 38 31 31       ...38700.....4284811
27420  35 00 00 31 36 35 30 36 34 39-38 36 32 32 39 30 00 00 00 00       5..1650649862290....
27440  00 30 32 30 31 38 31 32 31 37-33 38 36 35 30 00 00 00 00 00       .02018121738650.....
27460  33 39 36 30 30 00 00 00 00 00-33 38 31 30 30 00 00 00 00 00       39600.....38100.....
27480  33 38 36 35 30 00 00 00 00 00-35 39 34 30 31 38 30 33 00 00       38650.....59401803..
27500  32 33 30 37 33 33 39 36 30 39-38 31 37 00 00 00 00 00 30 32       2307339609817.....02
27520  30 31 38 31 32 31 30 34 30 34-35 30 00 00 00 00 00 34 30 37       018121040450.....407
27540  35 30 00 00 00 00 00 33 38 37-30 30 00 00 00 00 00 33 38 39       50.....38700.....389
27560  35 30 00 00 00 00 00 38 33 34-38 31 37 33 37 00 00 33 33 33       50.....83481737..333
27580  37 33 38 38 37 39 32 34 31 38-00 00 00 00 00 30 32 30 31 38       7388792418.....02018
27600  31 32 30 33 34 32 37 35 30 00-00 00 00 00 34 33 34 30 30 00       120342750.....43400.
27620  00 00 00 00 34 30 34 35 30 00-00 00 00 00 34 30 39 35 30 00       ....40450.....40950.
27640  00 00 00 00 36 34 37 37 35 33-34 30 00 00 32 36 39 38 36 34       ....64775340..269864
27660  32 31 31 35 37 35 31 00 00 00-00 00 30 32 30 31 38 31 31 32       2115751.....02018112
27680  36 34 32 31 35 30 00 00 00 00-00 34 34 30 30 30 00 00 00 00       642150.....44000....
27700  00 34 31 37 35 30 00 00 00 00-00 34 31 38 35 30 00 00 00 00       .41750.....41850....
27720  00 35 30 31 37 32 32 32 39 00-00 32 31 34 34 32 31 34 31 39       .50172229..214421419
27740  35 38 37 38 00 00 00 00 00 30-32 30 31 38 31 31 31 39 34 34       5878.....02018111944
27760  30 35 30 00 00 00 00 00 34 34-32 35 30 00 00 00 00 00 34 31       050.....44250.....41
27780  38 30 30 00 00 00 00 00 34 32-34 30 30 00 00 00 00 00 33 38       800.....42400.....38
27800  38 39 32 34 30 37 00 00 31 36-35 37 31 33 38 37 32 38 38 36       892407..165713872886
27820  38 00 00 00 00 00 30 32 30 31-38 31 31 31 32 34 33 38 35 30       8.....02018111243850
27840  00 00 00 00 00 34 35 32 35 30-00 00 00 00 00 34 33 34 30 30       .....45250.....43400
27860  00 00 00 00 00 34 34 30 30 30-00 00 00 00 00 33 38 32 38 38       .....44000.....38288
27880  32 32 37 00 00 31 36 39 34 35-33 31 30 37 31 39 32 30 00 00       227..1694531071920..
27900  00 00 00 30 32 30 31 38 31 31-30 35 34 33 37 35 30 00 00 00       ...02018110543750...
27920  00 00 34 35 30 35 30 00 00 00-00 00 34 32 39 30 30 00 00 00       ..45050.....42900...
27940  00 00 34 34 33 30 30 00 00 00-00 00 34 38 36 33 30 32 39 37       ..44300.....48630297
27960  00 00 32 31 33 39 33 37 35 30-30 35 30 32 39 00 00 00 00 00       ..2139375005029.....
27980  30 32 30 31 38 31 30 32 39 34-30 38 35 30 00 00 00 00 00 34       02018102940850.....4
28000  34 32 35 30 00 00 00 00 00 34-30 35 35 30 00 00 00 00 00 34       4250.....40550.....4
28020  34 31 35 30 00 00 00 00 00 37-36 32 32 37 34 33 35 00 00 33       4150.....76227435..3
28040  32 33 35 38 31 37 30 30 33 35-32 35 00 00 00 00 00 30 32 30       235817003525.....020
28060  31 38 31 30 32 32 34 33 34 35-30 00 00 00 00 00 34 33 39 35       18102243450.....4395
28080  30 00 00 00 00 00 34 30 34 30-30 00 00 00 00 00 34 31 30 30       0.....40400.....4100
28100  30 00 00 00 00 00 36 35 31 36-33 37 33 38 00 00 32 37 33 32       0.....65163738..2732
28120  36 32 39 35 32 30 33 37 34 00-00 00 00 00 30 32 30 31 38 31       629520374.....020181
28140  30 31 35 34 34 30 35 30 00 00-00 00 00 34 34 35 30 30 00 00       01544050.....44500..
28160  00 00 00 34 33 33 35 30 00 00-00 00 00 34 33 39 30 30 00 00       ...43350.....43900..
28180  00 00 00 33 38 37 35 36 36 33-37 00 00 31 37 30 32 36 36 32       ...38756637..1702662
28200  30 37 39 37 34 37 00 00 00 00-00 30 32 30 31 38 31 30 30 38       079747.....020181008
28220  34 34 32 30 30 00 00 00 00 00-34 35 35 30 30 00 00 00 00 00       44200.....45500.....
28240  34 33 31 30 30 00 00 00 00 00-34 34 30 30 30 00 00 00 00 00       43100.....44000.....
28260  34 39 30 36 36 32 35 36 00 00-32 31 37 31 37 33 36 32 33 37       49066256..2171736237
28280  35 33 37 00 00 00 00 00 30 32-30 31 38 31 30 30 31 34 36 34       537.....020181001464
28300  35 30 00 00 00 00 00 34 36 38-30 30 00 00 00 00 00 34 34 35       50.....46800.....445
28320  35 30 00 00 00 00 00 34 34 37-30 30 00 00 00 00 00 33 35 33       50.....44700.....353
28340  37 31 36 36 33 00 00 31 36 30-34 31 38 33 34 37 39 32 30 32       71663..1604183479202
28360  00 00 00 00 00 30 32 30 31 38-30 39 32 37 34 36 39 35 30 00       .....02018092746950.
28380  00 00 00 00 34 37 35 30 30 00-00 00 00 00 34 36 33 30 30 00       ....47500.....46300.
28400  00 00 00 00 34 36 34 35 30 00-00 00 00 00 32 37 30 37 35 31       ....46450.....270751
28420  30 31 00 00 31 32 36 38 39 32-38 37 34 36 39 39 36 00 00 00       01..1268928746996...
28440  00 00 30 32 30 31 38 30 39 31-37 34 35 35 35 30 00 00 00 00       ..02018091745550....
28460  00 34 37 36 30 30 00 00 00 00-00 34 34 37 30 30 00 00 00 00       .47600.....44700....
28480  00 34 37 34 30 30 00 00 00 00-00 35 35 34 39 31 38 30 30 00       .47400.....55491800.
28500  00 32 35 37 34 32 33 34 33 34-37 31 30 39 00 00 00 00 00 30       .2574234347109.....0
28520  32 30 31 38 30 39 31 30 34 35-34 35 30 00 00 00 00 00 34 35       2018091045450.....45
28540  39 30 30 00 00 00 00 00 34 34-30 30 30 00 00 00 00 00 34 35       900.....44000.....45
28560  38 35 30 00 00 00 00 00 36 33-35 36 35 31 38 33 00 00 32 38       850.....63565183..28
28580  35 35 35 33 32 34 36 32 31 37-35 00 00 00 00 00 30 32 30 31       55532462175.....0201
28600  38 30 39 30 33 34 38 32 30 30-00 00 00 00 00 34 38 33 30 30       8090348200.....48300
28620  00 00 00 00 00 34 34 34 30 30-00 00 00 00 00 34 34 39 30 30       .....44400.....44900
28640  00 00 00 00 00 35 31 38 35 32-33 39 38 00 00 32 33 39 37 32       .....51852398..23972
28660  39 38 34 32 31 36 39 38 00 00-00 00 00 30 32 30 31 38 30 38       98421698.....0201808
28680  32 37 34 36 31 30 30 00 00 00-00 00 34 38 34 35 30 00 00 00       2746100.....48450...
28700  00 00 34 36 30 30 30 00 00 00-00 00 34 38 34 35 30 00 00 00       ..46000.....48450...
28720  00 00 34 33 39 37 32 38 31 37-00 00 32 30 37 39 35 35 39 38       ..43972817..20795598
28740  33 32 35 34 35 00 00 00 00 00-30 32 30 31 38 30 38 32 30 34       32545.....0201808204
28760  33 35 30 30 00 00 00 00 00 34-36 34 30 30 00 00 00 00 00 34       3500.....46400.....4
28780  33 35 30 30 00 00 00 00 00 34-36 31 35 30 00 00 00 00 00 34       3500.....46150.....4
28800  31 37 36 34 35 30 33 00 00 31-38 38 37 33 33 35 35 30 35 35       1764503..18873355055
28820  36 32 00 00 00 00 00 30 32 30-31 38 30 38 31 33 34 34 39 35       62.....0201808134495
28840  30 00 00 00 00 00 34 35 34 30-30 00 00 00 00 00 34 33 37 30       0.....45400.....4370
28860  30 00 00 00 00 00 34 34 31 30-30 00 00 00 00 00 33 33 31 31       0.....44100.....3311
28880  30 30 36 36 00 00 31 34 37 35-38 39 32 38 38 30 35 32 39 00       0066..1475892880529.
28900  00 00 00 00 30 32 30 31 38 30-38 30 36 34 36 31 35 30 00 00       ....02018080646150..
28920  00 00 00 34 37 30 35 30 00 00-00 00 00 34 34 38 35 30 00 00       ...47050.....44850..
28940  00 00 00 34 35 34 30 30 00 00-00 00 00 35 30 39 34 31 30 32       ...45400.....5094102
28960  30 00 00 32 33 35 32 30 35 36-30 31 37 38 30 30 00 00 00 00       0..2352056017800....
28980  00 30 32 30 31 38 30 37 33 30-34 36 35 35 30 00 00 00 00 00       .02018073046550.....
29000  34 36 38 35 30 00 00 00 00 00-34 35 34 35 30 00 00 00 00 00       46850.....45450.....
29020  34 35 37 35 30 00 00 00 00 00-33 38 30 37 37 30 30 39 00 00       45750.....38077009..
29040  31 37 35 36 37 34 31 32 31 38-39 39 35 00 00 00 00 00 30 32       1756741218995.....02
29060  30 31 38 30 37 32 33 34 37 31-30 30 00 00 00 00 00 34 37 32       018072347100.....472
29080  30 30 00 00 00 00 00 34 35 39-30 30 00 00 00 00 00 34 36 39       00.....45900.....469
29100  30 30 00 00 00 00 00 33 38 34-34 35 30 32 32 00 00 31 37 38       00.....38445022..178
29120  34 35 38 39 38 38 32 31 33 36-00 00 00 00 00 30 32 30 31 38       4589882136.....02018
29140  30 37 31 36 34 36 38 30 30 00-00 00 00 00 34 37 36 30 30 00       071646800.....47600.
29160  00 00 00 00 34 35 36 30 30 00-00 00 00 00 34 37 34 35 30 00       ....45600.....47450.
29180  00 00 00 00 34 37 38 37 38 39-39 32 00 00 32 32 33 34 30 35       ....47878992..223405
29200  30 35 31 37 38 31 32 00 00 00-00 00 30 32 30 31 38 30 37 30       0517812.....02018070
29220  39 34 35 35 30 30 00 00 00 00-00 34 36 35 35 30 00 00 00 00       945500.....46550....
29240  00 34 35 32 30 30 00 00 00 00-00 34 36 35 30 30 00 00 00 00       .45200.....46500....
29260  00 35 36 37 32 36 36 39 39 00-00 32 36 30 36 37 34 35 35 33       .56726699..260674553
29280  36 37 34 32 00 00 00 00 00 30-32 30 31 38 30 37 30 32 34 36       6742.....02018070246
29300  35 30 30 00 00 00 00 00 34 37-31 35 30 00 00 00 00 00 34 34       500.....47150.....44
29320  36 35 30 00 00 00 00 00 34 34-39 30 30 00 00 00 00 00 35 37       650.....44900.....57
29340  37 33 32 31 35 30 00 00 32 36-34 37 35 30 39 34 30 39 32 38       732150..264750940928
29360  34 00 00 00 00 00 30 32 30 31-38 30 36 32 35 34 37 30 35 30       4.....02018062547050
29380  00 00 00 00 00 34 38 35 30 30-00 00 00 00 00 34 35 39 30 30       .....48500.....45900
29400  00 00 00 00 00 34 36 36 35 30-00 00 00 00 00 36 33 39 37 30       .....46650.....63970
29420  30 36 34 00 00 33 30 30 30 35-33 34 31 33 39 35 37 39 00 00       064..3000534139579..
29440  00 00 00 30 32 30 31 38 30 36-31 38 34 37 36 30 30 00 00 00       ...02018061847600...
29460  00 00 34 37 39 30 30 00 00 00-00 00 34 36 32 30 30 00 00 00       ..47900.....46200...
29480  00 00 34 37 32 35 30 00 00 00-00 00 36 35 31 35 32 37 30 34       ..47250.....65152704
29500  00 00 33 30 36 30 31 33 36 30-32 37 39 34 30 00 00 00 00 00       ..3060136027940.....
29520  30 32 30 31 38 30 36 31 31 34-39 37 35 30 00 00 00 00 00 35       02018061149750.....5
29540  30 33 30 30 00 00 00 00 00 34-37 36 35 30 00 00 00 00 00 34       0300.....47650.....4
29560  37 36 35 30 00 00 00 00 00 36-30 37 33 34 35 30 32 00 00 32       7650.....60734502..2
29580  39 36 30 34 31 32 34 37 35 37-37 39 00 00 00 00 00 30 32 30       960412475779.....020
29600  31 38 30 36 30 34 35 30 38 30-30 00 00 00 00 00 35 31 38 30       18060450800.....5180
29620  30 00 00 00 00 00 34 39 36 30-30 00 00 00 00 00 34 39 36 35       0.....49600.....4965
29640  30 00 00 00 00 00 34 39 34 35-32 39 39 33 00 00 32 35 30 31       0.....49452993..2501
29660  38 33 37 35 38 34 35 39 35 00-00 00 00 00 30 32 30 31 38 30       837584595.....020180
29680  35 32 38 35 32 35 30 30 00 00-00 00 00 35 33 30 30 30 00 00       52852500.....53000..
29700  00 00 00 34 39 31 30 30 00 00-00 00 00 35 31 33 30 30 00 00       ...49100.....51300..
29720  00 00 00 31 31 35 32 39 35 39-36 33 00 35 38 30 32 35 39 32       ...115295963.5802592
29740  31 37 31 30 31 30 00 00 00 00-00 30 32 30 31 38 30 35 32 31       171010.....020180521
29760  34 39 36 35 30 00 00 00 00 00-35 32 38 30 30 00 00 00 00 00       49650.....52800.....
29780  34 39 31 30 30 00 00 00 00 00-35 32 37 30 30 00 00 00 00 00       49100.....52700.....
29800  34 39 36 31 33 30 32 39 00 00-32 35 34 39 32 38 36 35 35 30       49613029..2549286550
29820  39 34 37 00 00 00 00 00 30 32-30 31 38 30 35 31 34 35 31 30       947.....020180514510
29840  30 30 00 00 00 00 00 35 31 31-30 30 00 00 00 00 00 34 39 31       00.....51100.....491
29860  30 30 00 00 00 00 00 34 39 35-30 30 00 00 00 00 00 36 36 36       00.....49500.....666
29880  30 39 31 31 31 00 00 33 33 31-35 37 33 39 31 33 31 33 33 36       09111..3315739131336
29900  00 00 00 00 00 30 32 30 31 38-30 35 30 38 35 32 36 30 30 00       .....02018050852600.
29920  00 00 00 00 35 33 32 30 30 00-00 00 00 00 35 30 36 30 30 00       ....53200.....50600.
29940  00 00 00 00 35 31 33 30 30 00-00 00 00 00 36 33 34 35 33 32       ....51300.....634532
29960  38 35 00 00 33 32 39 35 36 31-35 36 36 39 32 32 30 00 00 00       85..3295615669220...
29980  00 00 30 32 30 31 38 30 34 33-30 35 33 30 30 30 00 00 00 00       ..02018043053000....
30000  00 35 33 39 30 30 00 00 00 00-00 35 31 38 30 30 00 00 00 00       .53900.....51800....
30020  00 35 31 39 30 30 00 00 00 00-00 33 39 35 36 35 33 39 31 00       .51900.....39565391.
30040  00 32 30 37 38 30 31 37 39 32-37 36 30 30 00 00 00 00 00 30       .2078017927600.....0
30060  32 30 31 38 30 34 32 33 35 31-30 30 30 00 00 00 00 00 35 33       2018042351000.....53
30080  36 34 30 00 00 00 00 00 34 39-32 32 30 00 00 00 00 00 35 33       640.....49220.....53
30100  30 30 30 00 00 00 00 00 39 32-33 36 31 32 35 30 00 00 34 37       000.....92361250..47
30120  36 39 37 31 33 35 37 34 37 36-33 00 00 00 00 00 30 32 30 31       69713574763.....0201
30140  38 30 34 31 36 35 30 33 32 30-00 00 00 00 00 35 32 39 38 30       8041650320.....52980
30160  00 00 00 00 00 34 39 38 32 30-00 00 00 00 00 35 31 36 32 30       .....49820.....51620
30180  00 00 00 00 00 35 38 30 36 33-36 30 30 00 00 32 39 38 34 37       .....58063600..29847
30200  38 38 34 31 36 34 38 31 00 00-00 00 00 30 32 30 31 38 30 34       88416481.....0201804
30220  30 39 34 38 32 36 30 00 00 00-00 00 35 30 31 38 30 00 00 00       0948260.....50180...
30240  00 00 34 38 30 34 30 00 00 00-00 00 34 39 38 30 30 00 00 00       ..48040.....49800...
30260  00 00 35 33 37 33 30 34 30 30-00 00 32 36 34 31 38 37 38 36       ..53730400..26418786
30280  34 37 34 32 39 00 00 00 00 00-30 32 30 31 38 30 34 30 32 34       47429.....0201804024
30300  39 30 30 30 00 00 00 00 00 34-39 33 38 30 00 00 00 00 00 34       9000.....49380.....4
30320  36 39 32 30 00 00 00 00 00 34-38 34 30 30 00 00 00 00 00 35       6920.....48400.....5
30340  38 30 34 36 34 30 30 00 00 32-37 38 38 30 31 30 31 36 31 30       8046400..27880101610
30360  30 30 00 00 00 00 00 30 32 30-31 38 30 33 32 36 34 39 34 32       00.....0201803264942
30380  30 00 00 00 00 00 35 30 34 36-30 00 00 00 00 00 34 38 33 32       0.....50460.....4832
30400  30 00 00 00 00 00 34 39 32 32-30 00 00 00 00 00 35 34 39 33       0.....49220.....5493
30420  35 33 30 30 00 00 32 37 30 38-30 30 35 33 37 38 32 35 35 00       5300..2708005378255.
30440  00 00 00 00 30 32 30 31 38 30-33 31 39 35 30 36 32 30 00 00       ....02018031950620..
30460  00 00 00 35 31 37 38 30 00 00-00 00 00 34 39 36 30 30 00 00       ...51780.....49600..
30480  00 00 00 34 39 37 32 30 00 00-00 00 00 34 38 36 32 36 33 35       ...49720.....4862635
30500  30 00 00 32 34 36 38 34 39 36-38 36 35 39 31 30 00 00 00 00       0..2468496865910....
30520  00 30 32 30 31 38 30 33 31 32-35 30 35 36 30 00 00 00 00 00       .02018031250560.....
30540  35 32 30 32 30 00 00 00 00 00-34 39 35 38 30 00 00 00 00 00       52020.....49580.....
30560  35 31 31 34 30 00 00 00 00 00-36 32 35 36 38 32 35 30 00 00       51140.....62568250..
30580  33 31 39 32 32 33 32 30 35 39-33 35 39 00 00 00 00 00 30 32       3192232059359.....02
30600  30 31 38 30 33 30 35 34 35 38-32 30 00 00 00 00 00 35 30 35       018030545820.....505
30620  34 30 00 00 00 00 00 34 35 30-38 30 00 00 00 00 00 34 39 37       40.....45080.....497
30640  34 30 00 00 00 00 00 38 34 37-31 39 34 30 30 00 00 34 30 36       40.....84719400..406
30660  32 36 37 37 37 34 34 32 32 30-00 00 00 00 00 30 32 30 31 38       2677744220.....02018
30680  30 32 32 36 34 37 32 38 30 00-00 00 00 00 34 38 33 38 30 00       022647280.....48380.
30700  00 00 00 00 34 36 30 30 30 00-00 00 00 00 34 36 30 32 30 00       ....46000.....46020.
30720  00 00 00 00 34 37 38 31 39 30-35 30 00 00 32 32 33 35 33 36       ....47819050..223536
30740  37 35 39 37 34 34 31 00 00 00-00 00 30 32 30 31 38 30 32 31       7597441.....02018021
30760  39 34 39 38 30 30 00 00 00 00-00 34 39 38 30 30 00 00 00 00       949800.....49800....
30780  00 34 36 37 36 30 00 00 00 00-00 34 37 32 32 30 00 00 00 00       .46760.....47220....
30800  00 35 39 36 34 39 35 30 30 00-00 32 38 33 38 38 38 34 35 31       .59649500..283888451
30820  38 37 38 30 00 00 00 00 00 30-32 30 31 38 30 32 31 32 34 35       8780.....02018021245
30840  31 30 30 00 00 00 00 00 34 39-31 30 30 00 00 00 00 00 34 35       100.....49100.....45
30860  30 34 30 00 00 00 00 00 34 39-30 30 30 00 00 00 00 00 35 33       040.....49000.....53
30880  35 38 34 31 30 30 00 00 32 35-33 39 31 30 30 32 39 36 37 38       584100..253910029678
30900  30 00 00 00 00 00 30 32 30 31-38 30 32 30 35 34 36 35 30 30       0.....02018020546500
30920  00 00 00 00 00 34 38 33 32 30-00 00 00 00 00 34 34 34 32 30       .....48320.....44420
30940  00 00 00 00 00 34 34 37 30 30-00 00 00 00 00 31 31 31 39 32       .....44700.....11192
30960  38 34 35 30 00 35 32 30 31 37-38 32 33 39 39 36 34 35 00 00       8450.5201782399645..
30980  00 00 00 30 32 30 31 38 30 31-32 39 35 31 32 30 30 00 00 00       ...02018012951200...
31000  00 00 35 34 31 34 30 00 00 00-00 00 34 37 37 30 30 00 00 00       ..54140.....47700...
31020  00 00 34 37 37 30 30 00 00 00-00 00 31 34 35 36 37 34 34 35       ..47700.....14567445
31040  30 00 37 33 36 38 34 38 37 35-31 34 37 38 35 00 00 00 00 00       0.7368487514785.....
31060  30 32 30 31 38 30 31 32 32 34-38 36 34 30 00 00 00 00 00 35       02018012248640.....5
31080  30 37 38 30 00 00 00 00 00 34-37 39 36 30 00 00 00 00 00 35       0780.....47960.....5
31100  30 37 38 30 00 00 00 00 00 35-37 31 31 34 35 35 30 00 00 32       0780.....57114550..2
31120  38 31 33 32 37 38 34 36 39 31-34 31 00 00 00 00 00 30 32 30       813278469141.....020
31140  31 38 30 31 31 35 34 38 38 30-30 00 00 00 00 00 35 30 36 34       18011548800.....5064
31160  30 00 00 00 00 00 34 37 39 32-30 00 00 00 00 00 34 39 33 32       0.....47920.....4932
31180  30 00 00 00 00 00 36 35 36 30-37 35 30 30 00 00 33 32 34 37       0.....65607500..3247
31200  33 35 30 33 31 34 31 31 30 00-00 00 00 00 30                      350314110.....0     

